Date,Open,High,Low,Close,Volume_base,Volume_quote
2022-04-05 14:00:00,60708.91,60803.22,60644.01,60750.91,0.36654,22263.3258931
2022-04-05 14:05:00,60759.58,60771.62,60707.08,60739.0,1.34318,81606.3311194
2022-04-05 14:10:00,60743.61,60743.61,60300.0,60476.67,3.10627,187815.0381289
2022-04-05 14:15:00,60450.0,60478.8,60288.49,60413.76,1.86903,112830.8681874
2022-04-05 14:20:00,60370.09,60475.14,60359.61,60460.55,0.49782,30071.4523215
2022-04-05 14:25:00,60460.03,60476.94,60258.63,60431.05,1.27118,76716.5863833
2022-04-05 14:30:00,60453.26,60453.26,60285.76,60308.36,1.20272,72611.4422363
2022-04-05 14:35:00,60316.26,60345.08,60210.52,60218.38,1.74831,105426.8212735
2022-04-05 14:40:00,60203.65,60289.33,60200.0,60252.88,1.35201,81399.7763823
2022-04-05 14:45:00,60264.85,60329.33,60101.0,60181.53,1.7355,104484.7266435
2022-04-05 14:50:00,60189.6,60295.93,60189.6,60201.48,1.41647,85329.1504399
2022-04-05 14:55:00,60274.75,60295.15,60227.8,60294.17,0.9662,58247.2988252
2022-04-05 15:00:00,60250.1,60283.0,60105.0,60153.62,2.04036,122799.1595573
2022-04-05 15:05:00,60182.54,60192.32,60040.0,60069.49,1.05425,63382.6538794
2022-04-05 15:10:00,60175.01,60322.93,60172.32,60257.49,2.35307,141858.8770733
2022-04-05 15:15:00,60253.1,60348.92,60223.33,60291.69,0.36574,22048.7334563
2022-04-05 15:20:00,60269.31,60324.51,60186.69,60202.32,1.16632,70275.2509781
2022-04-05 15:25:00,60236.82,60238.44,60133.6,60155.19,2.95866,178100.3516838
2022-04-05 15:30:00,60158.99,60214.72,60158.99,60174.37,0.38712,23294.1713301
2022-04-05 15:35:00,60185.0,60252.53,60184.85,60210.08,1.48527,89462.8126372
2022-04-05 15:40:00,60195.85,60195.85,60128.32,60135.11,1.39291,83769.1133497
2022-04-05 15:45:00,60153.43,60229.89,60153.43,60229.89,0.35735,21516.6186299
2022-04-05 15:50:00,60211.27,60278.23,60198.11,60268.4,0.46677,28114.2009019
2022-04-05 15:55:00,60269.36,60352.8,60266.65,60310.37,0.72664,43817.5956642
2022-04-05 16:00:00,60303.38,60347.47,60303.38,60336.98,0.3827,23082.7692915
2022-04-05 16:05:00,60370.79,60401.02,60177.91,60238.59,3.34927,201927.0807922
2022-04-05 16:10:00,60299.94,60534.68,60299.94,60526.38,1.54237,93108.2122826
2022-04-05 16:15:00,60558.63,60700.21,60542.78,60700.21,0.38967,23607.177764
2022-04-05 16:20:00,60727.06,60735.19,60604.97,60604.97,0.39667,24058.0964427
2022-04-05 16:25:00,60605.55,60659.02,60533.23,60659.02,0.171,10357.7365759
2022-04-05 16:30:00,60659.02,60659.02,60519.4,60519.4,0.67509,40945.6410618
2022-04-05 16:35:00,60520.6,60557.08,60496.37,60510.93,0.2851,17248.387902
2022-04-05 16:40:00,60479.97,60522.67,60441.93,60504.81,1.00158,60573.1295714
2022-04-05 16:45:00,60494.5,60494.5,60403.03,60448.5,0.91659,55393.1373173
2022-04-05 16:50:00,60422.6,60456.95,60404.82,60426.91,0.83654,50539.2186739
2022-04-05 16:55:00,60424.73,60486.18,60380.2,60380.2,0.71882,43452.2919745
2022-04-05 17:00:00,60392.66,60452.94,60358.43,60452.94,0.33468,20226.2381865
2022-04-05 17:05:00,60603.54,60682.7,60556.65,60682.7,1.38081,83705.7827893
2022-04-05 17:10:00,60700.21,60717.07,60610.49,60660.18,1.17554,71324.4688966
2022-04-05 17:15:00,60666.96,60678.03,60599.8,60609.89,0.25419,15411.3734619
2022-04-05 17:20:00,60628.83,60666.27,60592.64,60600.35,0.5199,31509.2321606
2022-04-05 17:25:00,60584.26,60595.97,60559.57,60595.97,0.004,242.3083473
2022-04-05 17:30:00,60577.87,60660.01,60577.87,60610.3,1.19826,72662.1334969
2022-04-05 17:35:00,60624.31,60636.94,60602.25,60636.94,0.62071,37627.6263562
2022-04-05 17:40:00,60615.5,60783.75,60615.5,60752.2,0.60261,36603.5828654
2022-04-05 17:45:00,60800.26,61044.32,60800.26,60818.04,3.4784,211901.7667133
2022-04-05 17:50:00,60830.74,60830.74,60704.38,60704.38,0.63943,38854.5646542
2022-04-05 17:55:00,60681.96,60681.96,60564.89,60577.8,0.30118,18253.0141579
2022-04-05 18:00:00,60558.63,60628.78,60558.63,60628.78,0.41438,25114.4208129
2022-04-05 18:05:00,60591.69,60627.18,60562.89,60614.59,0.92601,56118.2812421
2022-04-05 18:10:00,60607.89,60607.89,60526.31,60526.31,0.10484,6350.0055291
2022-04-05 18:15:00,60529.23,60575.09,60498.11,60559.12,0.46732,28288.2988873
2022-04-05 18:20:00,60540.32,60603.13,60540.32,60603.13,0.0973,5894.8759997
2022-04-05 18:25:00,60608.42,60657.97,60597.4,60609.14,0.28665,17376.5620343
2022-04-05 18:30:00,60610.75,60621.34,60559.64,60580.04,0.2226,13486.658401
2022-04-05 18:35:00,60597.53,60597.53,60536.4,60559.13,0.3944,23880.7196795
2022-04-05 18:40:00,60585.36,60625.74,60580.61,60580.61,0.39097,23693.7012409
2022-04-05 18:45:00,60587.65,60671.97,60587.65,60632.38,0.34716,21050.7968631
2022-04-05 18:50:00,60636.45,60671.25,60564.52,60564.52,0.99207,60121.0264736
2022-04-05 18:55:00,60648.57,60648.57,60648.57,60648.57,0.01151,698.0650407
2022-04-05 19:00:00,60603.89,60635.71,60521.45,60524.98,0.28444,17222.5085216
2022-04-05 19:05:00,60540.02,60565.21,60474.41,60474.41,0.13997,8473.4611004
2022-04-05 19:10:00,60463.35,60463.35,60261.65,60388.32,1.55559,93909.4181472
2022-04-05 19:15:00,60387.99,60387.99,60210.52,60253.69,0.46026,27750.3901027
2022-04-05 19:20:00,60279.43,60337.06,60072.8,60229.76,2.37622,143138.3706749
2022-04-05 19:25:00,60271.54,60558.92,60252.42,60558.92,0.29472,17799.0529302
2022-04-05 19:30:00,60576.84,60842.1,60541.47,60799.6,0.23811,14451.6930607
2022-04-05 19:35:00,60710.87,60758.8,60694.03,60694.03,0.01317,799.6234454
2022-04-05 19:40:00,60671.71,60758.22,60671.71,60682.93,0.23111,14030.6913093
2022-04-05 19:45:00,60693.44,60743.65,60687.96,60743.65,0.21427,13007.3066557
2022-04-05 19:50:00,60729.0,60832.4,60728.15,60732.24,0.15044,9144.5671464
2022-04-05 19:55:00,60767.69,60834.65,60750.0,60794.28,0.03272,1988.0174625
2022-04-05 20:00:00,60799.49,60799.49,60762.03,60793.1,0.15985,9716.2912061
2022-04-05 20:05:00,60821.34,60858.63,60646.68,60858.63,1.10065,66839.769425
2022-04-05 20:10:00,60898.27,60898.27,60774.05,60845.53,0.14333,8712.1515621
2022-04-05 20:15:00,60854.36,60868.13,60777.53,60782.19,0.3275,19921.3314694
2022-04-05 20:20:00,60783.93,60783.93,60724.62,60734.56,0.76447,46430.9108338
2022-04-05 20:25:00,60719.93,60719.93,60657.63,60673.02,0.4646,28191.5294028
2022-04-05 20:30:00,60686.4,60686.4,60580.24,60611.32,0.36337,22032.7487151
2022-04-05 20:35:00,60589.03,60600.0,60500.0,60500.0,0.10234,6197.338962
2022-04-05 20:40:00,60499.2,60499.2,60320.35,60387.12,2.12409,128228.8164095
2022-04-05 20:45:00,60366.26,60441.16,60307.63,60400.13,0.81057,48910.4999948
2022-04-05 20:50:00,60399.17,60419.94,60339.64,60419.94,0.22504,13588.3006343
2022-04-05 20:55:00,60419.11,60538.42,60418.34,60492.34,0.58687,35491.1312416
2022-04-05 21:00:00,60503.65,60570.6,60350.54,60570.6,1.09163,65987.4966203
2022-04-05 21:05:00,60570.66,60670.21,60526.72,60608.21,1.08107,65463.6238759
2022-04-05 21:10:00,60578.38,60607.51,60511.51,60572.99,0.06244,3782.1832742
2022-04-05 21:15:00,60568.78,60643.3,60533.76,60642.29,0.42033,25478.0430538
2022-04-05 21:20:00,60610.62,60626.17,60603.08,60626.17,0.15223,9226.9232184
2022-04-05 21:25:00,60626.99,60632.19,60526.61,60553.49,0.16713,10124.9751012
2022-04-05 21:30:00,60568.17,60591.78,60430.82,60591.78,0.26817,16233.3996684
2022-04-05 21:35:00,60591.78,60621.12,60524.41,60618.27,0.0834,5053.5743681
2022-04-05 21:40:00,60633.38,60633.38,60597.59,60597.59,0.03141,1904.3374145
2022-04-05 21:45:00,60598.33,60644.8,60587.55,60640.53,0.15566,9433.4437642
2022-04-05 21:50:00,60593.69,60663.19,60524.69,60663.19,0.03305,2003.3608665
2022-04-05 21:55:00,60674.74,60694.25,60622.05,60690.79,0.02941,1784.1049553
2022-04-05 22:00:00,60690.84,60726.25,60642.21,60726.25,0.01437,872.1201192
2022-04-05 22:05:00,60731.6,60731.6,60635.59,60635.59,0.1685,10217.9113301
2022-04-05 22:10:00,60598.39,60687.69,60570.26,60684.64,0.08649,5245.3451594
2022-04-05 22:15:00,60672.27,60719.88,60672.27,60699.15,0.24948,15139.4358362
2022-04-05 22:20:00,60674.71,60716.32,60674.71,60715.6,0.07153,4341.2985779
2022-04-05 22:25:00,60672.08,60672.08,60653.66,60653.66,0.00408,247.5115786
2022-04-05 22:30:00,60615.99,60619.21,60564.89,60590.16,0.12721,7709.5411925
2022-04-05 22:35:00,60592.21,60658.12,60592.21,60658.12,0.40838,24769.2372164
2022-04-05 22:40:00,60649.09,60674.31,60620.11,60620.11,0.07058,4279.8280327
2022-04-05 22:45:00,60617.32,60788.11,60617.32,60788.11,0.44659,27108.5175486
2022-04-05 22:50:00,60744.73,60810.27,60653.53,60714.24,0.83304,50586.3437992
2022-04-05 22:55:00,60705.57,60711.25,60519.36,60519.36,0.49832,30228.1191783
2022-04-05 23:00:00,60522.44,60558.0,60501.82,60558.0,0.48299,29232.4244389
2022-04-05 23:05:00,60569.53,60581.81,60514.5,60544.84,0.3026,18319.0856302
2022-04-05 23:10:00,60544.84,60563.47,60506.63,60544.81,0.36046,21813.6991524
2022-04-05 23:15:00,60563.39,60582.96,60528.18,60580.46,1.07131,64888.2373721
2022-04-05 23:20:00,60580.7,60641.97,60580.7,60610.53,0.11934,7232.1907018
2022-04-05 23:25:00,60603.84,60603.84,60481.34,60481.34,0.17939,10860.1677133
2022-04-05 23:30:00,60455.74,60496.6,60430.17,60490.15,0.61138,36967.9292831
2022-04-05 23:35:00,60483.23,60583.45,60441.82,60583.45,0.32118,19434.3660034
2022-04-05 23:40:00,60580.17,60633.7,60580.17,60633.7,0.21551,13060.4260814
2022-04-05 23:45:00,60636.75,60646.39,60513.11,60540.16,0.35577,21552.9136492
2022-04-05 23:50:00,60499.97,60506.01,60281.46,60323.82,0.73437,44334.0884179
2022-04-05 23:55:00,60318.48,60348.38,60011.86,60288.7,1.60244,96384.996492
2022-04-06 00:00:00,60253.6,60253.6,60155.49,60180.06,0.83928,50514.0250065
2022-04-06 00:05:00,60165.42,60244.46,59995.0,59998.48,5.1119,307049.5597587
2022-04-06 00:10:00,59998.24,60063.3,59800.0,59800.0,1.73529,103964.7323586
2022-04-06 00:15:00,59836.38,60026.04,59600.0,59767.62,2.43658,145599.2797617
2022-04-06 00:20:00,59673.91,59884.48,59393.52,59393.52,5.36662,319558.7669876
2022-04-06 00:25:00,59393.52,59525.3,58922.38,59525.3,8.32106,492234.5892414
2022-04-06 00:30:00,59523.46,59629.84,59352.22,59544.22,2.85804,170086.1596376
2022-04-06 00:35:00,59548.42,59698.42,59324.78,59522.87,3.97537,236473.4228039
2022-04-06 00:40:00,59522.85,59654.28,59483.76,59613.76,2.9545,176103.2210673
2022-04-06 00:45:00,59613.68,59630.42,59524.73,59531.98,1.03367,61605.0444322
2022-04-06 00:50:00,59525.23,59692.03,59470.51,59652.52,0.82063,48888.7440431
2022-04-06 00:55:00,59622.7,59692.29,59518.32,59616.28,3.78753,225654.3758813
2022-04-06 01:00:00,59615.03,59674.07,59550.0,59551.74,2.86388,170681.1385863
2022-04-06 01:05:00,59550.0,59731.19,59500.02,59642.75,2.58609,154117.7051456
2022-04-06 01:10:00,59658.72,59863.57,59658.72,59748.38,2.46517,147435.3084055
2022-04-06 01:15:00,59748.4,59783.0,59707.81,59732.34,0.67097,40088.9125464
2022-04-06 01:20:00,59711.4,59948.51,59711.4,59905.28,2.53281,151513.84445
2022-04-06 01:25:00,59901.94,59954.77,59869.82,59878.05,0.83415,49969.616792
2022-04-06 01:30:00,59834.96,59882.92,59743.34,59765.92,1.63802,97967.5296396
2022-04-06 01:35:00,59760.94,59784.05,59666.57,59723.68,0.59389,35472.9222027
2022-04-06 01:40:00,59721.75,59743.95,59658.32,59658.55,0.92641,55297.5299509
2022-04-06 01:45:00,59688.49,59726.16,59662.92,59678.45,0.43558,25999.1205455
2022-04-06 01:50:00,59678.45,59786.92,59662.64,59786.91,1.29579,77405.2063697
2022-04-06 01:55:00,59764.74,59786.9,59695.41,59742.91,0.62089,37087.0771785
2022-04-06 02:00:00,59744.95,59786.91,59722.47,59786.91,0.29698,17749.296677
2022-04-06 02:05:00,59766.8,59875.66,59762.2,59875.66,0.12234,7316.3516221
2022-04-06 02:10:00,59907.73,59986.73,59880.64,59948.77,0.32451,19448.9632105
2022-04-06 02:15:00,59930.48,59931.87,59850.2,59881.35,1.44351,86447.0686921
2022-04-06 02:20:00,59878.33,59953.74,59860.12,59910.63,0.97447,58401.7323203
2022-04-06 02:25:00,59925.56,59966.08,59904.15,59966.08,0.77931,46713.5420164
2022-04-06 02:30:00,59968.67,60038.22,59907.21,59930.25,1.15674,69396.2101986
2022-04-06 02:35:00,59941.21,59956.63,59911.78,59921.93,0.21555,12918.3093159
2022-04-06 02:40:00,59942.41,60031.3,59942.41,59992.4,0.35352,21204.3674754
2022-04-06 02:45:00,59986.01,59986.01,59905.05,59947.53,1.05516,63254.1527077
2022-04-06 02:50:00,59967.49,59985.46,59936.66,59960.2,1.79702,107740.5062464
2022-04-06 02:55:00,59956.13,59956.13,59917.56,59942.24,0.49054,29399.658955
2022-04-06 03:00:00,59907.85,59907.85,59878.61,59897.09,0.70346,42128.6844029
2022-04-06 03:05:00,59875.9,59906.19,59875.27,59902.54,0.52367,31362.9651567
2022-04-06 03:10:00,59898.01,59908.81,59876.66,59876.66,0.30239,18112.2652471
2022-04-06 03:15:00,59876.66,59899.73,59789.02,59808.17,1.161,69485.7251399
2022-04-06 03:20:00,59809.15,59933.83,59809.15,59887.53,1.1044,66119.9712194
2022-04-06 03:25:00,59864.07,59909.19,59831.83,59831.83,0.29265,17518.2460393
2022-04-06 03:30:00,59815.81,59871.37,59795.79,59853.49,0.10612,6350.1593531
2022-04-06 03:35:00,59859.0,59872.49,59838.05,59855.64,0.47915,28681.8851518
2022-04-06 03:40:00,59855.55,59894.38,59855.55,59880.5,0.38088,22808.6153719
2022-04-06 03:45:00,59878.87,59900.13,59862.86,59872.4,0.39722,23786.5654406
2022-04-06 03:50:00,59901.0,59920.88,59840.35,59865.22,1.09045,65295.5014087
2022-04-06 03:55:00,59848.1,59884.34,59820.28,59820.3,0.3108,18602.5429041
2022-04-06 04:00:00,59802.69,59802.69,59719.33,59774.4,0.25467,15213.2689784
2022-04-06 04:05:00,59827.61,59849.43,59690.0,59746.04,1.10924,66341.4806851
2022-04-06 04:10:00,59732.46,59767.94,59732.46,59752.15,0.55041,32887.601865
2022-04-06 04:15:00,59780.95,59910.08,59780.76,59910.08,0.61853,37030.9208005
2022-04-06 04:20:00,59910.09,59989.28,59910.09,59989.28,0.62385,37398.1381702
2022-04-06 04:25:00,59987.75,59987.82,59939.66,59942.35,0.63895,38305.2174156
2022-04-06 04:30:00,59954.13,59954.13,59921.47,59927.57,0.19473,11671.2145116
2022-04-06 04:35:00,59904.86,59920.49,59856.86,59857.14,1.84141,110266.9580353
2022-04-06 04:40:00,59881.13,59935.53,59879.98,59925.62,0.11875,7112.6833067
2022-04-06 04:45:00,59924.18,59997.18,59924.18,59997.18,0.22221,13325.9041076
2022-04-06 04:50:00,59997.0,59997.18,59959.55,59980.44,1.26862,76096.6581158
2022-04-06 04:55:00,59979.42,59988.56,59950.02,59957.01,0.56812,34066.0355282
2022-04-06 05:00:00,59960.0,60028.27,59960.0,59968.41,0.91048,54625.7365053
2022-04-06 05:05:00,59975.73,59975.73,59927.78,59931.8,0.5911,35437.1276138
2022-04-06 05:10:00,59934.05,60004.55,59926.06,59967.07,0.81877,49098.7822104
2022-04-06 05:15:00,59967.34,60027.88,59967.34,60027.88,0.8132,48791.9710206
2022-04-06 05:20:00,60028.3,60048.62,59999.94,60012.5,0.27895,16746.6629811
2022-04-06 05:25:00,60016.0,60016.01,59963.19,59963.19,0.88015,52787.8717627
2022-04-06 05:30:00,59962.85,59972.97,59900.0,59917.32,0.21054,12623.4439764
2022-04-06 05:35:00,59915.53,60021.43,59915.53,59979.83,1.08753,65241.9038568
2022-04-06 05:40:00,59978.63,60024.39,59961.7,59966.57,0.83332,49977.2156974
2022-04-06 05:45:00,59966.6,60050.0,59961.72,59994.88,2.32005,139190.0814811
2022-04-06 05:50:00,59999.15,60014.77,59968.67,59998.74,0.40186,24115.7464098
2022-04-06 05:55:00,60008.35,60072.8,60003.38,60072.8,0.99002,59449.4841907
2022-04-06 06:00:00,60071.85,60088.76,59997.31,60066.38,1.0213,61318.3693346
2022-04-06 06:05:00,60052.68,60067.13,59984.61,60011.19,1.65825,99500.5767559
2022-04-06 06:10:00,59993.91,59997.47,59961.13,59970.34,1.45489,87252.0351139
2022-04-06 06:15:00,59988.49,59988.49,59951.88,59951.88,0.56603,33940.402704
2022-04-06 06:20:00,59964.9,59985.43,59931.64,59985.43,1.10982,66560.1486412
2022-04-06 06:25:00,59973.79,59987.68,59916.75,59916.75,0.67926,40717.1352465
2022-04-06 06:30:00,60002.23,60086.85,59985.15,60068.61,1.49312,89634.962574
2022-04-06 06:35:00,60031.15,60051.99,60018.17,60029.67,1.31552,78991.1474649
2022-04-06 06:40:00,60031.45,60100.0,60026.74,60100.0,1.54574,92832.7174374
2022-04-06 06:45:00,60108.68,60108.68,60024.6,60024.6,0.47806,28708.4113553
2022-04-06 06:50:00,60020.07,60036.56,60005.33,60022.99,0.39508,23715.5439218
2022-04-06 06:55:00,60031.7,60094.56,60019.1,60059.18,0.77922,46802.6331101
2022-04-06 07:00:00,60066.5,60135.16,60064.61,60102.74,1.31492,79017.5002892
2022-04-06 07:05:00,60098.43,60123.15,59976.1,59976.1,3.79626,228079.911529
2022-04-06 07:10:00,59986.15,60016.84,59965.74,60016.82,1.16854,70106.5746002
2022-04-06 07:15:00,60007.69,60108.1,60007.69,60028.89,2.67988,160909.0294747
2022-04-06 07:20:00,60028.38,60052.59,60020.66,60036.96,0.84361,50647.0822675
2022-04-06 07:25:00,60021.86,60036.07,59960.71,59998.36,0.82576,49558.2349484
2022-04-06 07:30:00,59980.13,60013.61,59971.82,60008.49,0.26394,15834.4229157
2022-04-06 07:35:00,60000.0,60001.1,59906.0,59906.0,0.38496,23078.3469508
2022-04-06 07:40:00,59924.81,59942.31,59883.37,59886.32,0.62773,37608.6469248
2022-04-06 07:45:00,59920.8,59923.82,59896.45,59906.7,0.71066,42578.107286
2022-04-06 07:50:00,59883.95,59905.59,59875.69,59896.12,1.03436,61946.911991
2022-04-06 07:55:00,59907.5,59934.29,59880.1,59880.1,0.26196,15695.8346224
2022-04-06 08:00:00,59880.43,59910.01,59858.26,59887.26,0.7039,42160.7046924
2022-04-06 08:05:00,59883.35,59917.19,59829.08,59878.5,2.67816,160344.2533076
2022-04-06 08:10:00,59879.22,59911.42,59829.09,59854.63,1.3005,77865.257755
2022-04-06 08:15:00,59852.47,59852.47,59740.26,59791.79,1.28654,76935.4674488
2022-04-06 08:20:00,59800.0,59846.35,59764.4,59807.96,1.38707,82966.3455367
2022-04-06 08:25:00,59812.7,59857.87,59771.31,59857.87,0.71291,42644.648742
2022-04-06 08:30:00,59857.87,59912.53,59857.87,59886.6,1.41378,84651.117222
2022-04-06 08:35:00,59895.11,59969.24,59873.68,59874.25,1.45865,87407.9715553
2022-04-06 08:40:00,59884.93,59905.43,59827.13,59899.34,1.42733,85476.0258397
2022-04-06 08:45:00,59900.26,59931.3,59847.68,59859.9,0.91986,55087.284986
2022-04-06 08:50:00,59901.81,59947.97,59888.8,59889.18,1.66366,99693.7762637
2022-04-06 08:55:00,59881.24,59969.67,59881.24,59969.67,0.82986,49737.2694162
2022-04-06 09:00:00,59953.39,59975.71,59918.38,59949.26,1.12276,67319.2121416
2022-04-06 09:05:00,59943.17,59969.53,59903.58,59908.36,1.04667,62721.1359793
2022-04-06 09:10:00,59918.1,59918.1,59848.6,59848.6,1.09371,65491.5953084
2022-04-06 09:15:00,59862.72,59874.4,59820.35,59820.35,0.97189,58174.7454256
2022-04-06 09:20:00,59842.89,59874.26,59812.25,59862.16,0.41128,24619.8053551
2022-04-06 09:25:00,59864.78,59864.79,59791.26,59807.61,0.54417,32557.5189336
2022-04-06 09:30:00,59818.53,59818.53,59769.5,59778.38,0.65439,39118.3580121
2022-04-06 09:35:00,59774.9,59816.85,59758.97,59795.2,0.58252,34829.3058923
2022-04-06 09:40:00,59792.05,59866.77,59785.19,59844.83,1.14269,68372.7946903
2022-04-06 09:45:00,59850.86,59882.25,59843.11,59882.25,2.16885,129847.6016181
2022-04-06 09:50:00,59879.24,59879.24,59756.4,59757.13,0.66371,39686.7883398
2022-04-06 09:55:00,59758.44,59806.51,59735.27,59794.73,0.54331,32471.5963513
2022-04-06 10:00:00,59792.76,59854.24,59792.76,59852.81,0.38903,23274.3766747
2022-04-06 10:05:00,59848.49,59870.82,59763.92,59773.74,1.36086,81429.0134091
2022-04-06 10:10:00,59758.06,59797.02,59722.96,59774.63,0.34113,20388.0786506
2022-04-06 10:15:00,59779.33,59782.44,59724.18,59737.21,0.4386,26202.8997654
2022-04-06 10:20:00,59725.95,59754.54,59515.99,59679.86,1.70641,101848.9545538
2022-04-06 10:25:00,59745.32,59960.62,59745.32,59960.62,0.36378,21769.4737166
2022-04-06 10:30:00,60000.93,60144.33,60000.93,60102.06,0.71341,42877.0446071
2022-04-06 10:35:00,60105.87,60118.07,59993.45,60022.55,1.25243,75171.0558209
2022-04-06 10:40:00,59996.03,60004.41,59755.59,59755.59,0.61585,36873.7577444
2022-04-06 10:45:00,59795.13,59862.83,59785.0,59862.73,0.86099,51497.3348857
2022-04-06 10:50:00,59870.29,59870.29,59717.4,59744.51,1.13477,67818.9828562
2022-04-06 10:55:00,59742.72,59807.67,59742.72,59780.11,0.5385,32194.6669112
2022-04-06 11:00:00,59763.2,59763.2,59624.31,59624.31,0.73889,44127.0327072
2022-04-06 11:05:00,59642.39,59670.0,59342.48,59503.63,2.22294,132267.9368366
2022-04-06 11:10:00,59552.05,59552.05,59371.87,59432.82,0.15183,9026.7060919
2022-04-06 11:15:00,59417.42,59440.11,59287.83,59314.05,1.14447,67970.1065889
2022-04-06 11:20:00,59341.85,59375.93,59302.38,59340.49,0.76233,45257.1874551
2022-04-06 11:25:00,59340.19,59450.46,59303.62,59423.18,1.04598,62112.0178845
2022-04-06 11:30:00,59410.96,59410.96,59137.14,59187.96,2.54632,150843.3173682
2022-04-06 11:35:00,59195.76,59540.04,59182.08,59419.98,1.87877,111524.7168323
2022-04-06 11:40:00,59368.0,59436.16,59348.89,59365.18,0.37727,22404.426382
2022-04-06 11:45:00,59359.98,59402.75,59261.86,59402.75,1.09622,65078.1989567
2022-04-06 11:50:00,59424.81,59583.79,59424.81,59564.24,0.60179,35799.607033
2022-04-06 11:55:00,59527.39,59541.46,59421.3,59421.34,2.82433,168048.3936511
2022-04-06 12:00:00,59425.79,59467.44,59276.43,59314.9,2.53688,150621.4724162
2022-04-06 12:05:00,59288.0,59393.15,59163.75,59292.91,2.20487,130650.5694408
2022-04-06 12:10:00,59269.44,59275.62,59107.49,59107.49,0.52937,31307.5154816
2022-04-06 12:15:00,59100.0,59408.33,59076.3,59408.33,1.81903,107824.5085099
2022-04-06 12:20:00,59433.01,59519.64,59431.02,59519.64,0.54831,32601.6134187
2022-04-06 12:25:00,59517.66,59525.3,59414.05,59417.21,1.25771,74796.953302
2022-04-06 12:30:00,59383.0,59460.49,59277.17,59442.72,0.98187,58297.7331952
2022-04-06 12:35:00,59407.99,59407.99,59253.05,59285.9,1.39903,82968.7146022
2022-04-06 12:40:00,59292.67,59315.15,59238.6,59248.62,1.75326,103945.0312222
2022-04-06 12:45:00,59236.49,59350.0,59233.59,59350.0,0.47956,28439.3122499
2022-04-06 12:50:00,59324.65,59324.65,59259.75,59286.54,0.35463,21024.3690813
2022-04-06 12:55:00,59263.98,59302.65,59242.89,59302.65,0.41419,24547.7807781
2022-04-06 13:00:00,59288.44,59313.61,59249.18,59280.39,0.81728,48455.3674805
2022-04-06 13:05:00,59238.6,59397.44,59200.01,59397.44,0.31095,18442.3072726
2022-04-06 13:10:00,59386.66,59476.53,59371.51,59452.45,0.24565,14593.0557119
2022-04-06 13:15:00,59473.4,59473.4,59424.79,59430.06,0.22471,13356.0025938
2022-04-06 13:20:00,59448.66,59465.8,59294.96,59457.24,0.97849,58063.1009536
2022-04-06 13:25:00,59475.5,59489.95,59468.3,59481.5,0.09261,5508.504224
2022-04-06 13:30:00,59464.57,59502.91,59433.12,59464.55,0.24858,14776.7503448
2022-04-06 13:35:00,59448.36,59503.91,59374.41,59415.66,0.98892,58792.4809764
2022-04-06 13:40:00,59415.66,59415.66,59272.39,59289.59,0.49289,29250.6550586
2022-04-06 13:45:00,59280.28,59280.28,59021.86,59065.13,2.28225,134901.441183
2022-04-06 13:50:00,59026.41,59166.53,58583.79,58583.79,4.93167,289794.2514578
2022-04-06 13:55:00,58656.5,58684.49,58500.16,58622.31,2.27182,133122.4957431
2022-04-06 14:00:00,58595.5,58764.5,58500.0,58500.0,0.89639,52543.8667244
2022-04-06 14:05:00,58500.0,58606.3,58263.77,58263.77,2.59503,151434.6244436
2022-04-06 14:10:00,58266.68,58340.94,58117.38,58339.61,2.56199,149146.645521
2022-04-06 14:15:00,58307.0,58433.52,58269.65,58294.51,0.61232,35718.5164507
2022-04-06 14:20:00,58339.12,58521.73,58339.12,58434.34,0.46145,26975.6552912
2022-04-06 14:25:00,58434.35,58516.71,58372.97,58499.93,0.65851,38484.375338
2022-04-06 14:30:00,58508.45,58546.57,58462.63,58546.57,0.12217,7147.0715814
2022-04-06 14:35:00,58517.05,58882.28,58517.05,58836.75,0.13216,7766.6641281
2022-04-06 14:40:00,58801.42,58856.76,58709.94,58838.23,0.30851,18133.7750459
2022-04-06 14:45:00,58809.2,58809.2,58669.09,58702.53,0.58822,34523.4075546
2022-04-06 14:50:00,58706.43,58842.02,58666.05,58814.16,1.45759,85678.6359361
2022-04-06 14:55:00,58861.95,58921.53,58850.54,58899.91,0.46337,27289.9245723
2022-04-06 15:00:00,58892.63,58892.63,58816.6,58819.55,0.85666,50441.5451303
2022-04-06 15:05:00,58810.88,58852.52,58702.64,58720.41,1.88381,110787.9911742
2022-04-06 15:10:00,58720.41,58720.46,58511.75,58511.75,1.77672,104185.3911535
2022-04-06 15:15:00,58518.32,58594.61,58483.89,58594.61,0.47501,27821.0357332
2022-04-06 15:20:00,58548.93,58596.38,58268.09,58309.78,1.30935,76491.1292615
2022-04-06 15:25:00,58296.49,58587.82,58296.49,58550.62,1.02366,59883.7110505
2022-04-06 15:30:00,58478.07,58478.07,58299.08,58301.65,0.28066,16380.9903145
2022-04-06 15:35:00,58325.63,58563.59,58136.8,58515.93,2.52792,147511.0625946
2022-04-06 15:40:00,58539.73,58599.05,58380.74,58522.8,1.00726,58944.9738629
2022-04-06 15:45:00,58540.08,58615.19,58540.08,58615.19,0.15353,8996.3724949
2022-04-06 15:50:00,58615.19,58735.29,58558.81,58735.29,0.92983,54486.6830278
2022-04-06 15:55:00,58739.61,58754.67,58652.72,58667.63,0.33676,19752.4198634
2022-04-06 16:00:00,58666.13,58666.57,58582.89,58624.72,1.26117,73935.2261838
2022-04-06 16:05:00,58629.09,58752.66,58543.21,58543.21,0.62085,36429.5026786
2022-04-06 16:10:00,58592.53,58746.26,58592.53,58631.26,0.88181,51762.7489677
2022-04-06 16:15:00,58600.0,58662.34,58524.45,58568.58,0.67732,39669.1074696
2022-04-06 16:20:00,58569.63,58598.12,58397.66,58441.55,1.3929,81420.8256345
2022-04-06 16:25:00,58441.56,58441.57,58264.31,58320.35,1.31498,76771.7260271
2022-04-06 16:30:00,58322.87,58356.66,58263.77,58263.77,0.15186,8854.2109136
2022-04-06 16:35:00,58287.31,58362.65,58203.22,58350.8,0.43734,25481.7207475
2022-04-06 16:40:00,58221.21,58230.65,57939.3,57941.74,4.61583,267966.175453
2022-04-06 16:45:00,57946.3,58193.99,57935.62,58193.99,0.91105,52840.7606208
2022-04-06 16:50:00,58185.86,58188.6,57969.02,58127.83,1.15331,67017.6980523
2022-04-06 16:55:00,58152.35,58158.9,58097.07,58144.63,0.25458,14799.0936622
2022-04-06 17:00:00,58182.76,58270.48,58147.04,58195.89,0.58467,34045.4009083
2022-04-06 17:05:00,58177.01,58177.01,57758.51,57920.68,1.94426,112712.4908957
2022-04-06 17:10:00,57938.46,57976.41,57719.71,57944.92,1.12851,65317.3044201
2022-04-06 17:15:00,57925.96,58048.34,57770.54,57934.96,0.52045,30140.4107966
2022-04-06 17:20:00,57938.19,58112.36,57904.35,58043.34,0.55358,32138.7828715
2022-04-06 17:25:00,58020.49,58201.97,58020.49,58138.51,0.86499,50259.2728225
2022-04-06 17:30:00,58168.07,58203.79,58159.95,58163.0,0.1507,8767.4026379
2022-04-06 17:35:00,58174.46,58237.84,58079.73,58198.59,0.28214,16411.4306928
2022-04-06 17:40:00,58161.63,58161.63,58077.78,58158.69,0.42811,24875.1743254
2022-04-06 17:45:00,58166.88,58339.96,58147.08,58302.67,0.7609,44344.3007766
2022-04-06 17:50:00,58289.67,58435.75,58289.67,58435.75,0.09727,5679.1599362
2022-04-06 17:55:00,58391.17,58411.0,58379.79,58407.74,0.0341,1991.2495157
2022-04-06 18:00:00,58429.51,58429.51,58278.31,58282.02,2.37217,138416.7112597
2022-04-06 18:05:00,58300.5,58782.6,58203.76,58521.74,8.56745,502274.9800606
2022-04-06 18:10:00,58521.73,58521.73,58149.25,58231.69,3.7882,220993.0840996
2022-04-06 18:15:00,58185.69,58274.59,58099.99,58130.22,2.30455,134099.4520829
2022-04-06 18:20:00,58130.38,58130.38,57961.9,57963.84,1.20157,69721.5865465
2022-04-06 18:25:00,57991.83,58107.77,57526.61,57695.54,5.19527,299811.5317712
2022-04-06 18:30:00,57713.12,57994.04,57636.97,57845.07,1.50021,86813.4301214
2022-04-06 18:35:00,57839.29,58232.26,57807.61,58232.26,11.9635,693856.737183
2022-04-06 18:40:00,58255.98,58298.49,57942.5,58187.26,11.4495,665438.1438389
2022-04-06 18:45:00,58170.18,58355.27,58104.9,58296.42,4.20875,244826.8073603
2022-04-06 18:50:00,58287.89,58414.42,58242.32,58242.32,0.99981,58336.0952371
2022-04-06 18:55:00,58258.57,58470.67,58258.57,58445.12,0.67228,39250.8381494
2022-04-06 19:00:00,58463.58,58563.59,58351.69,58405.92,2.03918,119161.0373042
2022-04-06 19:05:00,58417.4,58563.59,58389.48,58448.38,0.39483,23092.4180631
2022-04-06 19:10:00,58435.24,58435.24,58220.81,58413.04,1.76379,102865.0994824
2022-04-06 19:15:00,58394.93,58479.72,58329.66,58374.65,0.42408,24750.9814453
2022-04-06 19:20:00,58374.32,58403.1,58227.94,58227.95,0.27674,16143.4065406
2022-04-06 19:25:00,58239.11,58303.7,58157.94,58272.62,0.74746,43535.2524272
2022-04-06 19:30:00,58269.48,58269.48,58168.46,58226.52,1.00455,58493.8820498
2022-04-06 19:35:00,58214.9,58278.05,58050.42,58050.42,0.27475,15974.382454
2022-04-06 19:40:00,58083.9,58208.28,58083.9,58163.23,0.6883,40029.2751043
2022-04-06 19:45:00,58168.89,58265.87,58146.19,58265.87,0.1553,9039.6109119
2022-04-06 19:50:00,58252.36,58420.32,58252.36,58398.64,0.5132,29945.0626812
2022-04-06 19:55:00,58395.76,58439.76,58328.89,58394.51,0.10586,6179.3858349
2022-04-06 20:00:00,58358.96,58461.85,58335.07,58335.07,0.42277,24698.6848931
2022-04-06 20:05:00,58340.86,58650.01,58311.47,58639.78,0.74673,43672.3720316
2022-04-06 20:10:00,58617.73,58668.32,58537.19,58538.45,0.157,9193.9400771
2022-04-06 20:15:00,58523.68,58533.43,58439.63,58440.22,0.85878,50235.6024466
2022-04-06 20:20:00,58417.66,58450.97,58385.24,58417.04,0.97053,56700.932307
2022-04-06 20:25:00,58451.36,58552.35,58449.64,58547.97,0.96987,56723.8896943
2022-04-06 20:30:00,58469.58,58595.3,58457.69,58592.82,0.39348,23018.237493
2022-04-06 20:35:00,58617.93,58620.3,58593.27,58599.6,0.06508,3814.2412182
2022-04-06 20:40:00,58598.36,58605.28,58470.29,58524.48,0.67574,39548.1874416
2022-04-06 20:45:00,58537.91,58537.91,58445.47,58445.47,0.15273,8933.7007337
2022-04-06 20:50:00,58418.86,58569.38,58416.95,58540.27,0.48732,28513.2118117
2022-04-06 20:55:00,58556.82,58593.81,58556.82,58569.57,0.24683,14458.679712
2022-04-06 21:00:00,58579.62,58584.87,58487.7,58497.0,0.18047,10564.7137072
2022-04-06 21:05:00,58488.61,58523.98,58424.32,58444.41,0.37977,22199.8417144
2022-04-06 21:10:00,58446.05,58643.7,58434.96,58643.7,1.20501,70579.3245082
2022-04-06 21:15:00,58583.97,58591.02,58458.05,58458.05,0.16367,9581.1728453
2022-04-06 21:20:00,58466.3,58499.99,58466.3,58499.99,0.09587,5606.8747656
2022-04-06 21:25:00,58499.98,58537.37,58486.14,58529.94,0.37922,22190.7802656
2022-04-06 21:30:00,58567.38,58696.35,58567.38,58696.35,0.13657,8008.5733781
2022-04-06 21:35:00,58698.74,58701.14,58620.89,58668.22,0.16781,9845.070213
2022-04-06 21:40:00,58652.62,58652.62,58400.0,58463.89,0.54769,31987.2565835
2022-04-06 21:45:00,58526.84,58631.54,58445.95,58484.89,2.31702,135626.9360343
2022-04-06 21:50:00,58486.24,58568.03,58477.27,58567.65,0.09124,5340.5336719
2022-04-06 21:55:00,58570.06,58605.07,58470.91,58566.21,0.89393,52353.5732404
2022-04-06 22:00:00,58601.8,58610.76,58478.54,58498.01,0.23848,13963.1805991
2022-04-06 22:05:00,58498.01,58498.01,58419.86,58481.04,0.38325,22403.5692459
2022-04-06 22:10:00,58448.7,58501.93,58448.7,58464.41,0.34195,20001.9467511
2022-04-06 22:15:00,58507.01,58507.51,58478.17,58507.51,0.04805,2810.5779499
2022-04-06 22:20:00,58497.75,58497.75,58362.4,58375.99,0.16184,9452.3046188
2022-04-06 22:25:00,58396.06,58400.69,58230.07,58287.73,0.27983,16310.4352723
2022-04-06 22:30:00,58287.73,58376.32,58243.6,58324.29,0.38966,22726.3678059
2022-04-06 22:35:00,58314.37,58350.83,58230.51,58230.51,0.21739,12669.4658622
2022-04-06 22:40:00,58232.75,58354.99,58220.65,58340.11,0.35804,20875.0550296
2022-04-06 22:45:00,58340.11,58347.59,58146.13,58170.98,0.43043,25050.6901304
2022-04-06 22:50:00,58180.64,58237.53,58156.07,58166.36,0.26951,15690.1742188
2022-04-06 22:55:00,58194.52,58221.9,58144.3,58158.09,0.78451,45637.7112561
2022-04-06 23:00:00,58163.05,58179.71,57989.84,57994.23,0.92815,53911.561506
2022-04-06 23:05:00,58016.83,58131.05,57941.73,58024.96,0.42643,24755.9328338
2022-04-06 23:10:00,57978.85,58023.39,57739.64,57979.29,1.26807,73425.5891411
2022-04-06 23:15:00,57988.2,58091.16,57885.62,57885.62,1.29352,75000.6589012
2022-04-06 23:20:00,57901.06,57997.81,57881.3,57988.66,0.61331,35550.764266
2022-04-06 23:25:00,58013.68,58126.35,57929.34,57929.34,1.08534,62949.711318
2022-04-06 23:30:00,57931.24,58024.2,57929.58,57946.91,0.76278,44209.6454774
2022-04-06 23:35:00,57946.91,58006.11,57815.79,57832.58,0.92742,53703.8504942
2022-04-06 23:40:00,57843.03,57904.28,57764.31,57769.9,2.09434,121107.6135347
2022-04-06 23:45:00,57796.34,57921.48,57709.0,57886.04,1.15894,66980.3939695
2022-04-06 23:50:00,57880.29,57880.29,57700.0,57792.29,1.86827,107954.2968097
2022-04-06 23:55:00,57808.26,57840.58,57554.66,57596.4,0.67561,38938.0089983
2022-04-07 00:00:00,57614.41,57688.95,57563.12,57634.7,0.7812,45016.5565299
2022-04-07 00:05:00,57615.25,57784.83,57595.73,57721.37,0.76638,44198.3747882
2022-04-07 00:10:00,57714.61,57715.55,57561.82,57606.31,0.42378,24414.0940392
2022-04-07 00:15:00,57603.11,57835.42,57500.0,57832.84,1.22971,70882.5761579
2022-04-07 00:20:00,57818.21,57950.88,57804.2,57860.58,1.77637,102805.2313592
2022-04-07 00:25:00,57861.27,57975.5,57833.8,57924.28,0.5423,31400.2528497
2022-04-07 00:30:00,57940.8,57952.98,57892.7,57951.29,0.1331,7708.6888498
2022-04-07 00:35:00,57967.14,58037.91,57895.23,58027.94,0.46715,27087.4058854
2022-04-07 00:40:00,58004.0,58083.19,57999.37,58062.86,0.25752,14952.0366651
2022-04-07 00:45:00,58047.86,58051.76,57929.5,57929.5,0.35029,20323.7396122
2022-04-07 00:50:00,57928.72,57928.72,57688.3,57736.6,0.69838,40423.5606764
2022-04-07 00:55:00,57737.18,57737.18,57118.19,57275.57,6.52316,374031.4031571
2022-04-07 01:00:00,57171.19,57364.66,57118.18,57310.53,2.66177,152408.6864424
2022-04-07 01:05:00,57285.28,57535.87,57253.21,57433.66,1.08458,62308.7788177
2022-04-07 01:10:00,57443.61,57617.43,57308.88,57614.99,1.2762,73325.1352325
2022-04-07 01:15:00,57608.68,57660.69,57523.28,57575.31,0.52917,30491.2477055
2022-04-07 01:20:00,57592.95,57654.18,57393.94,57449.98,2.07876,119569.1914938
2022-04-07 01:25:00,57444.21,57580.04,57337.16,57580.04,1.23534,71009.610175
2022-04-07 01:30:00,57621.78,57711.17,57621.78,57649.56,0.68387,39448.7130312
2022-04-07 01:35:00,57680.53,57805.43,57628.12,57805.43,0.90041,51950.2800761
2022-04-07 01:40:00,57825.67,57896.39,57805.43,57845.9,1.20118,69495.3634367
2022-04-07 01:45:00,57853.58,57901.15,57778.92,57875.86,1.96994,113963.6750491
2022-04-07 01:50:00,57875.67,57900.15,57773.85,57842.67,0.50549,29247.0772169
2022-04-07 01:55:00,57855.02,57900.16,57805.83,57900.16,0.37991,21978.2840132
2022-04-07 02:00:00,57903.51,57978.18,57864.84,57961.0,0.52472,30417.4964036
2022-04-07 02:05:00,57994.04,57999.82,57853.84,57885.2,0.95284,55178.3103149
2022-04-07 02:10:00,57889.09,57963.05,57889.09,57950.65,0.30643,17749.9427638
2022-04-07 02:15:00,57950.65,57950.65,57831.51,57831.71,0.89376,51724.599755
2022-04-07 02:20:00,57837.04,57903.14,57832.24,57853.47,0.12449,7204.9882878
2022-04-07 02:25:00,57838.14,57848.08,57696.75,57724.31,1.29752,74936.6632281
2022-04-07 02:30:00,57723.13,57764.08,57596.28,57605.51,2.32364,133986.2861626
2022-04-07 02:35:00,57616.07,57832.38,57577.7,57832.38,0.99156,57184.2975822
2022-04-07 02:40:00,57870.0,57889.05,57804.91,57848.71,1.28062,74085.0098678
2022-04-07 02:45:00,57834.75,57840.43,57730.86,57730.86,0.5878,33969.406526
2022-04-07 02:50:00,57721.94,57817.95,57697.04,57725.02,0.93377,53933.3240367
2022-04-07 02:55:00,57711.21,57877.35,57691.87,57877.35,0.75967,43924.1071183
2022-04-07 03:00:00,57868.94,58009.92,57868.94,57914.48,0.99176,57483.1683537
2022-04-07 03:05:00,57949.27,58004.88,57879.57,57975.1,1.25574,72768.6557959
2022-04-07 03:10:00,57992.57,58032.96,57948.49,58009.26,0.38634,22414.9611928
2022-04-07 03:15:00,57994.69,57995.47,57807.68,57830.14,0.99445,57588.3768184
2022-04-07 03:20:00,57854.38,57943.49,57816.6,57943.49,0.42946,24852.5307157
2022-04-07 03:25:00,57950.65,57950.65,57806.04,57849.93,1.0936,63266.094385
2022-04-07 03:30:00,57815.92,57830.14,57776.73,57789.98,0.41774,24142.9651007
2022-04-07 03:35:00,57821.95,57872.96,57765.5,57872.96,0.38192,22087.1092144
2022-04-07 03:40:00,57882.61,57946.02,57882.61,57946.02,0.06353,3679.554291
2022-04-07 03:45:00,57944.87,57963.27,57879.95,57901.35,1.11396,64545.286067
2022-04-07 03:50:00,57897.53,57955.85,57838.39,57922.87,1.33777,77425.9868466
2022-04-07 03:55:00,57936.26,58015.43,57923.95,58011.98,0.07895,4579.1931163
2022-04-07 04:00:00,58019.06,58019.06,57934.76,57944.15,0.48777,28272.4538356
2022-04-07 04:05:00,57942.76,57978.66,57897.5,57978.66,1.53463,88880.7127678
2022-04-07 04:10:00,57994.77,58017.44,57931.72,58013.99,1.58506,91922.6293256
2022-04-07 04:15:00,58006.92,58013.99,57861.15,57861.15,1.6816,97423.6855756
2022-04-07 04:20:00,57852.33,57914.95,57848.6,57906.24,0.89191,51615.1787959
2022-04-07 04:25:00,57912.05,57969.96,57908.48,57959.19,0.8315,48159.0210242
2022-04-07 04:30:00,57983.42,58052.68,57983.42,58025.17,0.36628,21258.3484914
2022-04-07 04:35:00,58028.09,58028.11,57965.22,58018.35,0.8258,47898.9347793
2022-04-07 04:40:00,58009.53,58068.67,57994.29,58037.17,0.95602,55476.2467368
2022-04-07 04:45:00,58025.14,58039.23,57922.6,57937.99,0.74557,43234.8572211
2022-04-07 04:50:00,57933.11,58149.25,57933.11,58149.25,0.38742,22494.9164114
2022-04-07 04:55:00,58148.04,58196.1,58129.42,58132.1,0.38618,22459.6324348
2022-04-07 05:00:00,58140.82,58140.82,58099.85,58129.19,2.0902,121463.711466
2022-04-07 05:05:00,58094.0,58170.46,57980.0,58011.58,1.4637,84982.2397166
2022-04-07 05:10:00,58003.69,58010.34,57924.02,57996.89,1.63924,95058.7454198
2022-04-07 05:15:00,57999.32,57999.32,57916.21,57929.7,1.15746,67070.9075351
2022-04-07 05:20:00,57970.67,58040.14,57944.16,58040.14,0.34536,20017.1367922
2022-04-07 05:25:00,58003.9,58039.59,57967.0,58010.47,0.55825,32380.2771337
2022-04-07 05:30:00,57993.69,58018.01,57973.71,57985.66,2.27663,132034.4134748
2022-04-07 05:35:00,57992.96,58031.26,57918.82,57921.71,1.02751,59578.1447767
2022-04-07 05:40:00,57918.82,57976.88,57900.0,57971.23,0.75435,43723.5483879
2022-04-07 05:45:00,57983.4,58000.0,57903.04,57911.61,2.81887,163312.429209
2022-04-07 05:50:00,57905.42,58019.53,57900.0,58019.53,1.49054,86357.2930473
2022-04-07 05:55:00,57985.67,58085.09,57985.65,58073.98,1.74208,101099.6514239
2022-04-07 06:00:00,58073.98,58112.09,58041.6,58077.89,1.22602,71219.9073719
2022-04-07 06:05:00,58106.53,58134.67,58051.56,58051.56,1.06679,61979.5370799
2022-04-07 06:10:00,58052.64,58057.99,57971.08,57983.48,0.70489,40888.1850276
2022-04-07 06:15:00,57978.87,57998.24,57916.57,57980.49,0.68098,39475.0920364
2022-04-07 06:20:00,57985.63,58036.51,57985.63,58033.59,0.34231,19860.1597045
2022-04-07 06:25:00,57980.49,58077.83,57980.49,58077.83,0.44136,25610.3866443
2022-04-07 06:30:00,58057.29,58094.18,58057.28,58078.21,0.99964,58052.1085378
2022-04-07 06:35:00,58066.43,58077.95,58036.24,58065.17,0.85764,49790.2485633
2022-04-07 06:40:00,58063.58,58144.99,58063.58,58126.07,1.32089,76751.9980405
2022-04-07 06:45:00,58123.47,58191.8,58120.0,58151.13,1.49347,86844.6013125
2022-04-07 06:50:00,58150.61,58150.61,58041.2,58076.01,1.28493,74616.1519681
2022-04-07 06:55:00,58058.56,58058.56,58014.01,58022.12,1.56568,90854.0446905
2022-04-07 07:00:00,58020.66,58044.7,58002.71,58018.64,0.50426,29260.2882796
2022-04-07 07:05:00,58044.56,58070.08,58024.5,58056.54,0.47767,27724.5365372
2022-04-07 07:10:00,58062.94,58082.67,58047.85,58053.13,0.81929,47580.3213495
2022-04-07 07:15:00,58065.16,58110.86,58065.16,58099.01,1.0841,62976.5923056
2022-04-07 07:20:00,58115.21,58115.21,58084.71,58112.73,0.16358,9504.8065497
2022-04-07 07:25:00,58112.72,58158.14,58094.05,58158.14,0.37571,21833.6536983
2022-04-07 07:30:00,58153.85,58153.85,58042.0,58140.54,1.69494,98511.1139755
2022-04-07 07:35:00,58179.24,58220.06,58176.2,58219.97,0.9395,54675.7933405
2022-04-07 07:40:00,58219.87,58235.37,58192.13,58228.55,1.50743,87742.1684897
2022-04-07 07:45:00,58223.13,58223.13,58143.9,58143.9,1.60943,93633.8720206
2022-04-07 07:50:00,58116.68,58160.99,58115.49,58136.19,1.12332,65312.9989609
2022-04-07 07:55:00,58120.87,58175.01,58120.87,58175.0,1.0262,59670.7120643
2022-04-07 08:00:00,58139.91,58140.64,58109.36,58124.71,1.00539,58444.6645478
2022-04-07 08:05:00,58122.51,58214.54,58122.03,58214.54,1.07584,62552.9339696
2022-04-07 08:10:00,58214.91,58215.96,58167.21,58211.74,1.1831,68848.0325031
2022-04-07 08:15:00,58201.52,58251.94,58200.09,58215.58,0.50606,29464.0936707
2022-04-07 08:20:00,58219.6,58249.03,58165.58,58171.4,3.13651,182478.49992
2022-04-07 08:25:00,58171.47,58238.32,58168.57,58225.66,0.39275,22850.8675157
2022-04-07 08:30:00,58225.66,58274.95,58209.5,58261.57,0.77629,45209.6397057
2022-04-07 08:35:00,58270.84,58303.07,58233.6,58233.6,0.40074,23348.8057989
2022-04-07 08:40:00,58234.54,58234.54,58185.64,58195.17,0.68478,39852.0310991
2022-04-07 08:45:00,58199.28,58214.37,58179.62,58191.23,0.74147,43147.9348903
2022-04-07 08:50:00,58190.04,58243.44,58187.11,58187.19,0.37988,22112.1734794
2022-04-07 08:55:00,58192.38,58252.69,58167.31,58252.52,2.12668,123753.3399974
2022-04-07 09:00:00,58268.24,58307.13,58250.48,58279.9,1.57798,91955.3854612
2022-04-07 09:05:00,58279.63,58279.63,58213.41,58220.28,0.92518,53886.7364873
2022-04-07 09:10:00,58220.28,58220.28,58079.34,58144.16,1.25037,72717.8383557
2022-04-07 09:15:00,58166.48,58166.48,58041.18,58081.15,0.21191,12315.5023127
2022-04-07 09:20:00,58075.35,58126.77,58056.55,58117.82,1.49258,86722.871792
2022-04-07 09:25:00,58093.8,58109.55,58041.88,58069.67,0.37783,21949.016035
2022-04-07 09:30:00,58078.72,58078.72,57966.63,58019.29,0.81112,47053.158213
2022-04-07 09:35:00,58011.47,58047.92,58005.23,58035.16,1.24755,72387.0999316
2022-04-07 09:40:00,58030.79,58124.07,58030.79,58124.07,0.10052,5834.9971114
2022-04-07 09:45:00,58134.03,58169.22,58128.63,58130.99,0.21287,12377.0666024
2022-04-07 09:50:00,58143.31,58152.62,58035.01,58035.01,0.98224,57043.4436838
2022-04-07 09:55:00,58035.48,58066.07,58035.48,58049.52,0.10491,6089.27905
2022-04-07 10:00:00,58046.48,58157.0,58030.2,58157.0,0.69982,40651.9710929
2022-04-07 10:05:00,58156.96,58174.7,58115.49,58115.49,1.37486,79942.4485477
2022-04-07 10:10:00,58117.99,58121.55,58062.49,58118.19,0.70308,40856.6459174
2022-04-07 10:15:00,58105.0,58147.46,58105.0,58140.93,0.52831,30710.84916
2022-04-07 10:20:00,58138.76,58181.27,58091.38,58091.38,0.5591,32500.095714
2022-04-07 10:25:00,58089.19,58184.07,58089.06,58170.09,0.51411,29878.2436382
2022-04-07 10:30:00,58161.26,58181.64,58109.96,58118.7,0.80468,46793.155738
2022-04-07 10:35:00,58118.79,58145.43,58052.25,58088.41,0.46113,26786.464806
2022-04-07 10:40:00,58063.57,58121.56,58036.36,58110.93,0.81363,47250.367913
2022-04-07 10:45:00,58101.02,58114.02,58066.85,58102.74,0.46991,27295.9953144
2022-04-07 10:50:00,58088.57,58146.68,58086.77,58146.68,0.97802,56841.8527194
2022-04-07 10:55:00,58138.94,58181.91,58138.94,58156.53,0.44616,25952.3968346
2022-04-07 11:00:00,58156.53,58167.39,58113.81,58152.09,0.79723,46355.8919778
2022-04-07 11:05:00,58126.93,58137.12,58057.83,58101.9,1.51721,88161.4202562
2022-04-07 11:10:00,58117.76,58456.56,58092.44,58161.23,4.30868,250926.3789702
2022-04-07 11:15:00,58161.23,58338.63,57960.7,58282.34,1.57652,91648.7248598
2022-04-07 11:20:00,58260.16,58336.58,58168.13,58185.13,0.47952,27935.7939005
2022-04-07 11:25:00,58199.61,58263.19,58188.04,58230.74,0.09073,5282.8898107
2022-04-07 11:30:00,58249.83,58308.06,58249.83,58302.06,0.26526,15459.6072792
2022-04-07 11:35:00,58316.43,58493.92,58302.06,58490.19,0.82192,48022.3857391
2022-04-07 11:40:00,58490.18,58518.97,58450.97,58518.97,0.74527,43590.5930808
2022-04-07 11:45:00,58500.0,58684.53,58500.0,58647.12,3.12551,182945.333002
2022-04-07 11:50:00,58652.72,58663.78,58524.44,58561.92,2.29168,134291.7159092
2022-04-07 11:55:00,58539.55,58560.24,58497.7,58546.04,1.20934,70765.6177223
2022-04-07 12:00:00,58515.21,58553.3,58467.68,58553.3,1.46192,85517.3100429
2022-04-07 12:05:00,58553.3,58627.44,58512.93,58567.0,1.36412,79911.7893966
2022-04-07 12:10:00,58567.17,58629.19,58567.17,58629.19,0.27057,15859.5979562
2022-04-07 12:15:00,58605.3,58699.43,58558.61,58558.61,0.84863,49759.3912745
2022-04-07 12:20:00,58561.97,58617.47,58556.28,58588.8,6.15262,360402.793465
2022-04-07 12:25:00,58583.65,58610.66,58570.9,58610.66,0.89489,52433.5541271
2022-04-07 12:30:00,58595.39,58595.39,58563.58,58589.73,0.56729,33230.080533
2022-04-07 12:35:00,58579.73,58579.73,58469.66,58536.51,1.05209,61563.2659732
2022-04-07 12:40:00,58524.94,58526.59,58471.36,58472.93,0.12813,7493.8490928
2022-04-07 12:45:00,58478.95,58478.95,58356.52,58427.18,0.73772,43090.5444732
2022-04-07 12:50:00,58405.14,58461.14,58341.94,58394.48,0.30726,17946.4535686
2022-04-07 12:55:00,58390.89,58405.08,58318.93,58392.2,0.40278,23506.9798863
2022-04-07 13:00:00,58374.83,58383.12,58303.09,58318.78,1.19293,69610.6948741
2022-04-07 13:05:00,58322.71,58376.71,58322.71,58335.61,0.56737,33104.6169948
2022-04-07 13:10:00,58326.65,58337.03,58133.33,58133.33,0.40368,23524.0057425
2022-04-07 13:15:00,58146.4,58224.4,58073.49,58099.2,0.81329,47274.0593136
2022-04-07 13:20:00,58127.79,58248.6,58124.01,58181.42,0.69717,40568.6187348
2022-04-07 13:25:00,58181.42,58212.79,58065.38,58065.38,0.19071,11098.6384985
2022-04-07 13:30:00,58100.42,58100.42,58039.59,58082.52,0.10789,6262.6314363
2022-04-07 13:35:00,58100.4,58197.63,57982.15,58197.63,0.94676,55034.8925289
2022-04-07 13:40:00,58185.69,58373.74,58150.06,58266.72,0.69204,40326.4420182
2022-04-07 13:45:00,58250.12,58353.09,58109.05,58151.0,0.87072,50696.5381041
2022-04-07 13:50:00,58141.52,58255.03,58128.11,58205.63,0.5505,32015.9298619
2022-04-07 13:55:00,58142.41,58297.99,58142.41,58297.99,0.22152,12900.526861
2022-04-07 14:00:00,58282.71,58400.0,58282.7,58389.17,0.24068,14042.0741433
2022-04-07 14:05:00,58401.44,58577.01,58319.78,58459.89,0.80071,46843.358592
2022-04-07 14:10:00,58477.88,58508.54,58350.84,58350.84,1.27099,74243.8463315
2022-04-07 14:15:00,58398.38,58445.49,58332.92,58411.52,0.77733,45384.8341514
2022-04-07 14:20:00,58389.12,58389.12,58307.73,58349.1,0.85015,49613.5773956
2022-04-07 14:25:00,58322.4,58322.4,58227.91,58269.47,0.8847,51523.0100767
2022-04-07 14:30:00,58260.2,58294.62,58177.93,58177.93,0.39506,23004.8545867
2022-04-07 14:35:00,58245.59,58297.05,58169.24,58238.51,2.41702,140761.8535935
2022-04-07 14:40:00,58253.13,58288.09,58187.49,58209.51,1.38945,80938.7749455
2022-04-07 14:45:00,58208.57,58208.57,58028.0,58105.51,1.05623,61358.1666081
2022-04-07 14:50:00,58092.02,58196.76,58090.61,58115.7,1.04202,60593.0660886
2022-04-07 14:55:00,58117.53,58155.89,58055.18,58097.34,0.19261,11193.9612174
2022-04-07 15:00:00,58136.93,58165.54,58109.72,58149.17,0.48715,28322.7827254
2022-04-07 15:05:00,58215.77,58344.46,58205.95,58256.81,0.24956,14542.5434981
2022-04-07 15:10:00,58277.03,58281.78,58196.19,58201.18,0.11626,6770.8815318
2022-04-07 15:15:00,58201.28,58214.88,57800.0,57955.15,2.49818,144782.4567514
2022-04-07 15:20:00,57968.16,58025.54,57944.09,58000.28,0.08825,5118.4879758
2022-04-07 15:25:00,58038.44,58087.63,58025.25,58062.0,0.14208,8251.6317406
2022-04-07 15:30:00,58064.27,58064.27,57857.71,57857.71,0.58457,33898.5756562
2022-04-07 15:35:00,57881.45,57889.77,57680.35,57810.13,3.55528,205411.7846563
2022-04-07 15:40:00,57838.09,57994.04,57784.91,57994.04,0.60891,35250.9001845
2022-04-07 15:45:00,57971.29,57999.88,57939.79,57939.79,0.51733,29997.8935599
2022-04-07 15:50:00,57966.16,58074.11,57966.16,57981.25,0.45224,26235.8626539
2022-04-07 15:55:00,57986.63,58082.06,57978.63,58038.28,0.6569,38122.3416348
2022-04-07 16:00:00,58037.65,58087.66,58035.94,58044.52,0.04871,2827.2542839
2022-04-07 16:05:00,58085.23,58177.46,58034.21,58060.91,0.40789,23691.1369843
2022-04-07 16:10:00,58098.12,58174.71,58075.1,58174.71,0.63129,36698.9950513
2022-04-07 16:15:00,58183.27,58280.31,58174.44,58280.31,0.37972,22103.4403732
2022-04-07 16:20:00,58220.73,58233.82,58183.79,58195.59,0.02529,1472.035038
2022-04-07 16:25:00,58184.72,58243.91,58141.12,58141.12,0.53623,31191.4394019
2022-04-07 16:30:00,58205.17,58205.17,58103.51,58114.48,0.97447,56665.3731734
2022-04-07 16:35:00,58105.05,58199.93,58105.05,58177.83,1.1217,65276.0384299
2022-04-07 16:40:00,58221.27,58221.27,58172.18,58193.46,0.1123,6536.5530992
2022-04-07 16:45:00,58168.02,58179.68,58075.84,58075.84,1.61726,94032.1716264
2022-04-07 16:50:00,58077.92,58148.85,57999.02,57999.02,0.19442,11288.5412209
2022-04-07 16:55:00,58046.16,58134.87,58046.16,58124.56,0.13156,7643.9289171
2022-04-07 17:00:00,58125.85,58265.76,58123.28,58265.76,1.25962,73291.7234787
2022-04-07 17:05:00,58250.69,58373.74,58250.69,58347.02,0.21825,12732.7250699
2022-04-07 17:10:00,58380.72,58400.0,58329.58,58355.16,0.59795,34887.1906589
2022-04-07 17:15:00,58343.95,58466.6,58343.95,58454.78,0.20389,11917.3585118
2022-04-07 17:20:00,58422.52,58434.16,58398.98,58410.34,0.70004,40892.1650797
2022-04-07 17:25:00,58425.97,58465.19,58382.54,58382.54,0.21273,12430.5040863
2022-04-07 17:30:00,58427.69,58486.31,58423.54,58448.98,1.41477,82681.4913297
2022-04-07 17:35:00,58443.94,58466.55,58423.22,58423.22,0.13931,8143.7899176
2022-04-07 17:40:00,58404.06,58429.29,58354.54,58355.91,0.51094,29819.9722651
2022-04-07 17:45:00,58387.93,58387.93,58346.38,58364.1,0.15233,8890.7359972
2022-04-07 17:50:00,58355.51,58388.57,58253.63,58268.95,0.78762,45942.6143333
2022-04-07 17:55:00,58285.71,58285.71,58285.71,58285.71,0.00127,74.0228517
2022-04-07 18:00:00,58294.56,58463.14,58294.56,58463.13,1.12594,65711.7950961
2022-04-07 18:05:00,58481.93,58486.6,58406.01,58428.17,0.28117,16442.3744265
2022-04-07 18:10:00,58428.17,58469.13,58422.14,58469.13,0.287,16774.9956973
2022-04-07 18:15:00,58490.28,58496.91,58470.52,58470.52,0.0062,362.6018506
2022-04-07 18:20:00,58446.02,58479.35,58442.35,58442.35,0.10253,5992.2839389
2022-04-07 18:25:00,58448.45,58483.48,58448.45,58483.48,0.05487,3208.1873518
2022-04-07 18:30:00,58514.24,58628.95,58432.72,58432.72,0.38443,22512.9785455
2022-04-07 18:35:00,58453.96,58453.96,58330.85,58365.86,0.40644,23723.1611584
2022-04-07 18:40:00,58388.46,58388.46,58300.19,58348.04,0.64746,37769.8245041
2022-04-07 18:45:00,58321.0,58375.23,58311.86,58363.42,0.10336,6032.3923189
2022-04-07 18:50:00,58350.17,58410.01,58335.26,58366.29,0.08138,4749.1613733
2022-04-07 18:55:00,58380.76,58472.44,58380.76,58411.22,0.45482,26586.8056645
2022-04-07 19:00:00,58425.85,58453.96,58413.19,58413.47,0.20981,12259.7947202
2022-04-07 19:05:00,58440.21,58531.06,58440.17,58500.04,0.36136,21134.8546669
2022-04-07 19:10:00,58469.99,58504.83,58468.59,58504.83,0.3129,18299.1428859
2022-04-07 19:15:00,58516.46,58528.75,58487.58,58487.58,0.26649,15591.8143022
2022-04-07 19:20:00,58467.36,58470.4,58394.23,58394.24,0.28421,16609.1814723
2022-04-07 19:25:00,58355.04,58355.04,58280.87,58280.87,0.01075,626.8772551
2022-04-07 19:30:00,58301.34,58301.34,58250.68,58254.73,0.04695,2735.2920993
2022-04-07 19:35:00,58285.11,58302.39,58254.82,58254.82,0.18913,11021.6529686
2022-04-07 19:40:00,58272.77,58272.77,58222.21,58236.99,0.32243,18776.8186007
2022-04-07 19:45:00,58261.78,58265.14,58222.0,58222.0,0.05283,3077.0990415
2022-04-07 19:50:00,58212.89,58261.1,58133.33,58133.69,0.38581,22445.7347042
2022-04-07 19:55:00,58133.33,58179.63,58106.82,58107.48,0.32871,19110.3965171
2022-04-07 20:00:00,58100.7,58127.44,58060.88,58062.84,0.07656,4446.266281
2022-04-07 20:05:00,58087.48,58105.94,58064.56,58096.96,0.6326,36742.3586257
2022-04-07 20:10:00,58087.9,58143.38,58087.9,58110.03,0.7407,43052.2549007
2022-04-07 20:15:00,58111.75,58178.22,58110.71,58162.38,0.7485,43512.5352753
2022-04-07 20:20:00,58151.33,58153.24,58127.86,58150.84,0.78613,45702.937815
2022-04-07 20:25:00,58140.46,58168.72,58127.86,58168.72,0.12149,7066.2563054
2022-04-07 20:30:00,58148.93,58188.34,58148.93,58188.34,0.19603,11401.8951713
2022-04-07 20:35:00,58219.75,58219.89,58196.14,58219.89,0.47292,27532.0183155
2022-04-07 20:40:00,58219.89,58322.7,58219.89,58317.11,0.77055,44874.8833101
2022-04-07 20:45:00,58317.11,58317.84,58292.54,58302.56,1.45941,85090.0746826
2022-04-07 20:50:00,58306.76,58365.27,58306.76,58360.68,1.22515,71498.935438
2022-04-07 20:55:00,58331.9,58331.9,58324.99,58324.99,0.1069,6235.6477892
2022-04-07 21:00:00,58335.83,58341.1,58323.31,58341.1,0.28763,16777.85657
2022-04-07 21:05:00,58346.76,58346.76,58242.65,58256.81,1.01994,59421.2295532
2022-04-07 21:10:00,58253.1,58336.89,58245.89,58329.07,0.95098,55414.7995826
2022-04-07 21:15:00,58338.1,58339.87,58330.0,58330.0,0.76776,44788.8900458
2022-04-07 21:20:00,58302.59,58302.59,58146.22,58146.22,0.07155,4165.258731
2022-04-07 21:25:00,58150.43,58170.52,57922.97,57922.97,0.54798,31840.3076907
2022-04-07 21:30:00,57894.66,58005.85,57864.59,57983.24,0.39847,23096.0307106
2022-04-07 21:35:00,58002.9,58059.24,58002.9,58059.24,0.08461,4908.5480368
2022-04-07 21:40:00,58058.06,58260.68,58058.06,58253.08,0.46234,26874.6539368
2022-04-07 21:45:00,58153.1,58153.1,58085.92,58099.74,0.08786,5106.6743223
2022-04-07 21:50:00,58140.56,58165.76,58082.44,58165.76,0.23607,13726.5825257
2022-04-07 21:55:00,58205.0,58289.96,58205.0,58216.21,0.31506,18360.0553443
2022-04-07 22:00:00,58208.58,58259.83,58208.58,58213.87,0.15398,8970.505844
2022-04-07 22:05:00,58207.34,58292.7,58186.33,58249.8,0.06704,3904.9973423
2022-04-07 22:10:00,58242.77,58295.11,58210.63,58213.63,0.09176,5345.2040294
2022-04-07 22:15:00,58200.32,58263.14,58200.32,58242.04,0.04433,2581.7122338
2022-04-07 22:20:00,58220.21,58245.58,58186.79,58245.58,0.00195,113.5068986
2022-04-07 22:25:00,58300.3,58300.3,58289.23,58289.23,0.0034,198.2067397
2022-04-07 22:30:00,58315.64,58326.33,58234.41,58234.41,0.23104,13466.9256391
2022-04-07 22:35:00,58239.9,58339.32,58239.9,58262.4,0.07695,4485.0072888
2022-04-07 22:40:00,58283.12,58291.9,58243.22,58243.22,0.11795,6873.1128477
2022-04-07 22:45:00,58237.81,58276.08,58237.81,58276.07,0.09142,5327.4986616
2022-04-07 22:50:00,58276.06,58341.38,58247.74,58341.37,0.07529,4388.6448284
2022-04-07 22:55:00,58325.09,58386.61,58293.64,58358.35,0.0842,4913.5996332
2022-04-07 23:00:00,58351.64,58422.28,58351.64,58415.94,0.2097,12247.7214205
2022-04-07 23:05:00,58378.52,58402.5,58347.56,58400.34,0.0977,5702.6707594
2022-04-07 23:10:00,58399.74,58452.18,58369.01,58424.88,0.30754,17962.5829502
2022-04-07 23:15:00,58424.0,58482.4,58415.02,58460.26,0.58512,34204.5387999
2022-04-07 23:20:00,58478.01,58562.19,58478.01,58562.19,0.48504,28389.341415
2022-04-07 23:25:00,58547.33,58586.31,58381.56,58385.11,0.66719,39017.0464297
2022-04-07 23:30:00,58404.67,58439.75,58358.87,58380.24,0.50806,29673.7548158
2022-04-07 23:35:00,58388.17,58438.02,58328.91,58328.91,1.76247,102900.5534957
2022-04-07 23:40:00,58372.93,58372.93,58346.76,58346.76,0.18172,10603.6224634
2022-04-07 23:45:00,58347.14,58356.16,58300.0,58303.7,0.17988,10489.413754
2022-04-07 23:50:00,58298.54,58321.29,58286.46,58296.83,0.1367,7968.7888689
2022-04-07 23:55:00,58291.83,58312.75,58136.24,58190.74,1.36495,79466.1019072
2022-04-08 00:00:00,58194.41,58223.12,58147.29,58184.81,1.66983,97185.2033184
2022-04-08 00:05:00,58161.32,58161.32,58008.06,58131.51,1.88049,109205.3223362
2022-04-08 00:10:00,58118.79,58163.38,58059.06,58163.38,0.34945,20312.0889972
2022-04-08 00:15:00,58165.24,58202.09,58144.68,58175.89,0.84642,49239.762874
2022-04-08 00:20:00,58185.91,58188.65,58102.94,58152.65,0.18732,10892.4539488
2022-04-08 00:25:00,58151.66,58179.34,58099.64,58108.43,0.68296,39710.2326383
2022-04-08 00:30:00,58095.69,58145.74,58042.58,58053.33,1.40649,81696.6427494
2022-04-08 00:35:00,58051.9,58051.9,58022.1,58047.05,0.1993,11567.6008058
2022-04-08 00:40:00,58082.63,58088.88,58062.0,58064.59,0.45837,26620.8048334
2022-04-08 00:45:00,58083.36,58143.77,58063.04,58080.82,0.3824,22214.377802
2022-04-08 00:50:00,58153.04,58153.04,58047.83,58080.02,0.42093,24437.9020514
2022-04-08 00:55:00,58098.47,58124.7,57981.5,57981.5,1.09169,63388.8380938
2022-04-08 01:00:00,58017.31,58053.56,57992.36,57992.36,0.4745,27522.1258256
2022-04-08 01:05:00,57996.21,58267.42,57986.94,58233.22,1.40823,81861.5616374
2022-04-08 01:10:00,58181.81,58281.33,58180.81,58281.33,0.64171,37387.724648
2022-04-08 01:15:00,58283.56,58357.47,58244.88,58356.13,0.70366,41025.0439771
2022-04-08 01:20:00,58345.82,58345.82,58280.0,58318.49,0.91667,53433.378779
2022-04-08 01:25:00,58305.72,58305.72,58268.42,58271.63,0.27687,16136.3565624
2022-04-08 01:30:00,58267.86,58308.15,58267.86,58308.15,0.22198,12939.4613626
2022-04-08 01:35:00,58357.46,58409.05,58299.38,58398.67,0.73598,42938.748261
2022-04-08 01:40:00,58388.99,58424.79,58388.99,58424.79,0.39428,23033.014541
2022-04-08 01:45:00,58430.9,58430.93,58345.28,58345.28,2.41422,140895.6691393
2022-04-08 01:50:00,58328.65,58378.07,58317.73,58368.48,0.91643,53459.9411446
2022-04-08 01:55:00,58308.92,58386.21,58308.9,58329.37,0.39083,22802.2970942
2022-04-08 02:00:00,58329.6,58353.4,58311.81,58344.62,0.11992,6995.5070131
2022-04-08 02:05:00,58345.46,58380.34,58333.74,58373.57,0.77434,45184.1407799
2022-04-08 02:10:00,58361.79,58463.42,58360.89,58429.11,0.4499,26285.2158025
2022-04-08 02:15:00,58429.11,58439.54,58374.42,58374.42,0.23819,13909.8396944
2022-04-08 02:20:00,58397.58,58414.02,58359.42,58388.48,0.93253,54448.472567
2022-04-08 02:25:00,58381.66,58381.66,58362.22,58364.23,0.99081,57837.5648266
2022-04-08 02:30:00,58386.0,58451.34,58374.11,58379.14,0.28917,16887.2375978
2022-04-08 02:35:00,58381.25,58388.97,58351.71,58362.2,0.24278,14171.0367776
2022-04-08 02:40:00,58377.34,58432.12,58369.88,58432.12,0.29946,17490.1939617
2022-04-08 02:45:00,58411.93,58451.33,58407.46,58439.77,0.11054,6459.8893834
2022-04-08 02:50:00,58449.12,58480.47,58419.49,58419.49,0.08236,4813.9105929
2022-04-08 02:55:00,58452.52,58493.54,58438.5,58438.52,0.25028,14630.3171366
2022-04-08 03:00:00,58416.57,58416.57,58341.96,58362.98,0.98395,57458.9819917
2022-04-08 03:05:00,58345.51,58434.02,58345.51,58434.02,1.05639,61690.39405
2022-04-08 03:10:00,58424.96,58492.92,58424.96,58489.06,0.21393,12509.1497897
2022-04-08 03:15:00,58471.6,58500.01,58471.16,58486.12,0.50571,29580.8907053
2022-04-08 03:20:00,58464.24,58481.52,58444.82,58444.82,0.62291,36415.9569341
2022-04-08 03:25:00,58435.27,58468.95,58414.37,58468.95,0.75744,44256.0509019
2022-04-08 03:30:00,58485.79,58488.71,58451.9,58451.9,0.41261,24122.4443102
2022-04-08 03:35:00,58450.0,58450.0,58401.68,58405.02,0.42796,24996.3070448
2022-04-08 03:40:00,58401.7,58402.3,58381.58,58384.81,0.55949,32670.8640978
2022-04-08 03:45:00,58375.65,58381.78,58357.26,58370.13,1.18315,69052.0733357
2022-04-08 03:50:00,58352.95,58355.5,58315.92,58338.4,0.91715,53518.4734498
2022-04-08 03:55:00,58331.53,58351.7,58331.42,58351.7,0.15215,8876.6336756
2022-04-08 04:00:00,58351.7,58427.42,58351.7,58410.86,0.60051,35070.4498736
2022-04-08 04:05:00,58368.68,58440.87,58363.21,58440.57,0.48536,28354.5219912
2022-04-08 04:10:00,58452.08,58455.6,58432.18,58432.27,0.11737,6858.8377385
2022-04-08 04:15:00,58435.09,58455.6,58413.13,58413.13,0.65718,38403.7883728
2022-04-08 04:20:00,58413.69,58418.33,58387.26,58389.63,0.25502,14891.3073673
2022-04-08 04:25:00,58369.01,58382.5,58350.15,58350.15,0.80252,46845.316552
2022-04-08 04:30:00,58352.92,58410.12,58352.92,58375.78,1.56499,91365.8689096
2022-04-08 04:35:00,58379.09,58392.4,58365.13,58365.13,0.43357,25309.2453885
2022-04-08 04:40:00,58373.42,58387.52,58294.53,58311.18,0.329,19195.4675018
2022-04-08 04:45:00,58311.18,58313.08,58267.52,58267.52,4.64685,270891.0904331
2022-04-08 04:50:00,58259.25,58286.49,58233.03,58257.87,1.14516,66711.1142652
2022-04-08 04:55:00,58271.83,58291.65,58242.39,58258.26,0.24343,14185.4114398
2022-04-08 05:00:00,58306.46,58306.52,58290.03,58300.71,0.31894,18592.4217831
2022-04-08 05:05:00,58317.22,58322.58,58230.0,58240.55,1.33597,77834.5922849
2022-04-08 05:10:00,58270.18,58286.08,58260.81,58286.08,0.10117,5895.122144
2022-04-08 05:15:00,58276.86,58335.78,58276.86,58335.78,0.19652,11461.6300233
2022-04-08 05:20:00,58355.06,58380.93,58343.17,58343.17,1.19034,69464.568551
2022-04-08 05:25:00,58338.49,58339.17,58306.2,58333.63,0.48555,28318.7890393
2022-04-08 05:30:00,58320.44,58320.44,58305.43,58317.28,0.349,20349.8510728
2022-04-08 05:35:00,58309.56,58316.1,58297.37,58301.64,0.29936,17453.0944345
2022-04-08 05:40:00,58311.91,58325.57,58310.87,58325.38,0.17508,10210.6458056
2022-04-08 05:45:00,58325.57,58367.48,58325.52,58367.48,0.76228,44488.4382642
2022-04-08 05:50:00,58380.9,58399.25,58348.15,58390.02,0.22233,12979.9369173
2022-04-08 05:55:00,58371.88,58388.56,58355.35,58355.35,1.16219,67837.5300524
2022-04-08 06:00:00,58362.12,58399.07,58359.6,58377.97,0.66235,38664.2390416
2022-04-08 06:05:00,58383.91,58420.81,58334.5,58387.16,2.23417,130413.6889836
2022-04-08 06:10:00,58387.16,58436.8,58357.74,58436.8,0.52978,30947.3854029
2022-04-08 06:15:00,58420.18,58445.55,58415.02,58415.02,0.04134,2415.1678164
2022-04-08 06:20:00,58402.42,58436.56,58392.69,58411.21,0.07184,4196.8954781
2022-04-08 06:25:00,58392.69,58426.72,58345.33,58369.49,1.80162,105211.4715346
2022-04-08 06:30:00,58356.25,58357.45,58300.68,58323.77,1.21185,70672.8718996
2022-04-08 06:35:00,58329.12,58342.55,58299.37,58300.8,0.55445,32336.2018888
2022-04-08 06:40:00,58300.79,58312.82,58261.83,58280.73,0.62229,36274.0053023
2022-04-08 06:45:00,58275.68,58275.68,58238.78,58248.14,0.21979,12803.5181541
2022-04-08 06:50:00,58258.13,58332.83,58258.13,58301.85,0.87525,51037.3955405
2022-04-08 06:55:00,58298.84,58366.06,58298.84,58353.41,0.39435,23004.4720148
2022-04-08 07:00:00,58366.45,58390.82,58327.21,58327.23,0.22795,13300.2181482
2022-04-08 07:05:00,58317.55,58391.57,58309.36,58365.44,0.36122,21065.1550718
2022-04-08 07:10:00,58371.52,58385.67,58360.09,58383.47,0.69001,40274.178129
2022-04-08 07:15:00,58383.47,58452.94,58383.47,58449.51,0.60917,35595.749698
2022-04-08 07:20:00,58449.81,58457.18,58429.21,58448.39,1.09189,63808.0098714
2022-04-08 07:25:00,58435.09,58463.74,58395.04,58440.95,1.75964,102826.564319
2022-04-08 07:30:00,58440.23,58440.57,58300.25,58300.25,1.70373,99462.9948961
2022-04-08 07:35:00,58303.35,58356.67,58303.35,58321.8,0.3955,23073.812698
2022-04-08 07:40:00,58313.98,58324.89,58262.44,58324.89,0.77946,45434.809891
2022-04-08 07:45:00,58329.77,58351.25,58312.76,58341.11,0.42708,24908.5462413
2022-04-08 07:50:00,58319.53,58350.48,58305.67,58338.43,0.79641,46455.8732885
2022-04-08 07:55:00,58342.26,58499.99,58342.26,58466.06,0.81661,47731.2816969
2022-04-08 08:00:00,58470.45,58727.58,58470.45,58695.98,0.76217,44690.1149536
2022-04-08 08:05:00,58726.43,58836.4,58635.23,58767.69,0.74182,43562.3223512
2022-04-08 08:10:00,58768.6,58805.69,58718.04,58756.61,1.18816,69826.715781
2022-04-08 08:15:00,58745.36,58808.98,58745.36,58799.42,1.02189,60072.7886534
2022-04-08 08:20:00,58780.67,58845.47,58780.67,58824.98,0.10223,6014.3763906
2022-04-08 08:25:00,58826.46,58863.14,58826.46,58834.85,0.84126,49506.8489579
2022-04-08 08:30:00,58862.96,58862.96,58753.99,58768.11,1.4586,85755.1835524
2022-04-08 08:35:00,58717.3,58717.3,58641.87,58674.31,1.26243,74079.0860857
2022-04-08 08:40:00,58663.81,58675.34,58570.83,58625.87,0.40566,23773.2835794
2022-04-08 08:45:00,58668.87,58734.97,58668.87,58733.22,0.30288,17786.7063412
2022-04-08 08:50:00,58733.47,58981.98,58722.37,58943.4,1.34758,79332.0756269
2022-04-08 08:55:00,58896.4,58896.4,58791.38,58794.32,0.29573,17398.9421691
2022-04-08 09:00:00,58769.04,58769.04,58634.1,58634.1,0.85207,50020.9159365
2022-04-08 09:05:00,58651.91,58693.32,58591.8,58606.96,0.34752,20373.9518495
2022-04-08 09:10:00,58614.61,58668.19,58614.61,58629.87,0.63644,37324.9009617
2022-04-08 09:15:00,58640.0,58656.98,58612.12,58656.98,0.33323,19537.3024816
2022-04-08 09:20:00,58656.98,58703.63,58656.98,58697.27,1.16014,68084.1366056
2022-04-08 09:25:00,58695.06,58707.26,58632.69,58632.69,1.09186,64058.5237105
2022-04-08 09:30:00,58637.72,58671.69,58606.43,58671.69,0.85803,50313.7261044
2022-04-08 09:35:00,58664.64,58681.05,58560.69,58560.69,0.85654,50209.3831799
2022-04-08 09:40:00,58575.13,58576.85,58536.34,58546.38,1.83806,107629.0445989
2022-04-08 09:45:00,58545.53,58573.1,58514.26,58514.26,0.5688,33303.8439054
2022-04-08 09:50:00,58501.47,58557.71,58501.47,58533.04,0.77501,45377.667306
2022-04-08 09:55:00,58509.49,58509.49,58434.08,58464.18,0.91189,53303.2695313
2022-04-08 10:00:00,58435.19,58491.93,58435.18,58491.93,0.30826,18015.6571262
2022-04-08 10:05:00,58531.77,58531.77,58430.15,58453.51,0.58382,34139.1653846
2022-04-08 10:10:00,58444.41,58467.12,58435.5,58467.12,0.71503,41794.0754186
2022-04-08 10:15:00,58459.63,58463.28,58419.12,58456.74,1.43933,84125.195042
2022-04-08 10:20:00,58444.67,58444.67,58385.0,58409.86,0.9921,57954.9753412
2022-04-08 10:25:00,58401.09,58441.13,58401.0,58426.47,0.77912,45508.4685336
2022-04-08 10:30:00,58422.64,58441.2,58398.56,58441.2,0.97788,57118.0208532
2022-04-08 10:35:00,58435.2,58503.82,58418.32,58487.88,0.91446,53485.7041886
2022-04-08 10:40:00,58487.88,58503.82,58474.36,58503.82,0.54716,32004.8411873
2022-04-08 10:45:00,58503.77,58515.89,58465.52,58465.52,0.93307,54589.0315984
2022-04-08 10:50:00,58465.54,58487.76,58464.11,58475.16,0.42694,24964.060146
2022-04-08 10:55:00,58476.12,58492.54,58459.07,58479.12,0.28391,16600.1375469
2022-04-08 11:00:00,58480.58,58480.58,58403.37,58413.31,0.70621,41254.6172491
2022-04-08 11:05:00,58413.11,58413.31,58202.71,58235.72,1.23001,71738.9265409
2022-04-08 11:10:00,58290.91,58362.19,58161.48,58297.01,1.61526,94061.341635
2022-04-08 11:15:00,58316.28,58350.3,58305.13,58345.69,0.65474,38198.925341
2022-04-08 11:20:00,58345.46,58368.93,58245.83,58255.93,0.92332,53799.7312517
2022-04-08 11:25:00,58218.3,58220.61,58151.25,58185.21,1.18876,69173.702099
2022-04-08 11:30:00,58213.71,58218.42,58186.12,58186.12,0.33159,19300.8128731
2022-04-08 11:35:00,58190.98,58225.47,58102.77,58103.98,0.94803,55132.744682
2022-04-08 11:40:00,58128.07,58150.04,58012.05,58148.56,1.20352,69934.4254087
2022-04-08 11:45:00,58177.27,58221.08,58165.26,58183.75,0.13721,7984.4067162
2022-04-08 11:50:00,58167.93,58183.88,58126.24,58159.26,0.3939,22905.0489169
2022-04-08 11:55:00,58129.47,58175.17,58129.47,58134.09,0.39325,22870.6616195
2022-04-08 12:00:00,58151.68,58151.68,58077.6,58106.96,0.53475,31064.6604261
2022-04-08 12:05:00,58123.92,58190.18,58107.73,58144.88,0.74666,43423.4151207
2022-04-08 12:10:00,58141.09,58266.56,58141.09,58262.65,0.06839,3981.1548468
2022-04-08 12:15:00,58264.89,58264.89,58182.99,58182.99,0.48937,28482.0661106
2022-04-08 12:20:00,58209.9,58209.9,58080.26,58129.08,0.56215,32682.5152579
2022-04-08 12:25:00,58134.8,58144.43,58124.57,58138.87,0.86379,50213.9424518
2022-04-08 12:30:00,58149.53,58183.29,58144.78,58172.21,0.36938,21484.6134046
2022-04-08 12:35:00,58179.42,58251.64,58138.63,58195.39,0.31124,18123.4012588
2022-04-08 12:40:00,58155.86,58221.51,58155.86,58176.37,0.10254,5968.4887922
2022-04-08 12:45:00,58154.21,58154.21,58045.56,58104.17,0.35652,20715.4307133
2022-04-08 12:50:00,58103.55,58119.73,57985.48,58086.74,1.29904,75410.8554245
2022-04-08 12:55:00,58088.63,58126.31,57866.45,57989.42,0.87589,50755.8429227
2022-04-08 13:00:00,58025.73,58026.84,57970.83,57970.83,0.32988,19127.2355821
2022-04-08 13:05:00,57991.23,58025.01,57825.0,57844.9,1.22122,70742.7779735
2022-04-08 13:10:00,57867.35,57906.49,57787.3,57804.12,0.63656,36823.9009233
2022-04-08 13:15:00,57785.1,57920.32,57666.0,57730.39,0.60398,34909.7251396
2022-04-08 13:20:00,57820.86,57844.09,57680.89,57714.23,0.91325,52757.5945577
2022-04-08 13:25:00,57726.62,57759.89,57682.84,57687.21,0.69387,40041.4830521
2022-04-08 13:30:00,57671.8,57671.8,57576.91,57633.38,2.47307,142520.3710966
2022-04-08 13:35:00,57642.02,57835.48,57546.59,57656.85,3.0498,175966.9623273
2022-04-08 13:40:00,57660.0,57789.73,57609.47,57751.77,0.89339,51600.8898221
2022-04-08 13:45:00,57737.9,57764.6,57550.0,57748.85,2.09236,120664.0751388
2022-04-08 13:50:00,57679.29,57848.83,57653.62,57840.08,0.46183,26668.0324354
2022-04-08 13:55:00,57830.97,57875.92,57747.38,57803.54,0.47823,27659.0338316
2022-04-08 14:00:00,57778.19,57826.7,57771.52,57814.86,0.20101,11616.7040716
2022-04-08 14:05:00,57836.16,58178.2,57836.16,58156.7,0.41098,23821.1765989
2022-04-08 14:10:00,58144.87,58444.82,58134.65,58418.8,1.23024,71826.3618519
2022-04-08 14:15:00,58402.62,58402.62,58245.83,58278.1,1.25173,72969.208621
2022-04-08 14:20:00,58283.48,58362.19,58169.06,58339.3,0.6644,38693.3433704
2022-04-08 14:25:00,58335.95,58456.56,58327.82,58456.56,1.1494,67109.582923
2022-04-08 14:30:00,58466.89,58644.69,58388.8,58606.87,0.71106,41633.1399825
2022-04-08 14:35:00,58559.99,58739.29,58532.18,58602.88,1.54066,90329.9098878
2022-04-08 14:40:00,58510.33,58525.06,58454.98,58474.07,0.09483,5546.0415604
2022-04-08 14:45:00,58462.69,58479.23,58311.34,58311.34,0.37981,22159.4224188
2022-04-08 14:50:00,58327.15,58421.37,58298.05,58298.05,0.41727,24348.7295353
2022-04-08 14:55:00,58282.08,58856.89,58267.28,58814.92,2.47603,145244.107205
2022-04-08 15:00:00,58852.14,58921.17,58753.41,58798.4,0.55858,32870.1784688
2022-04-08 15:05:00,58817.6,59046.02,58817.6,58957.21,1.37614,81142.1100364
2022-04-08 15:10:00,58965.96,59013.28,58854.65,58906.7,0.27274,16074.9863585
2022-04-08 15:15:00,58906.07,58970.67,58884.85,58970.67,0.44694,26338.2532973
2022-04-08 15:20:00,58952.25,58952.25,58822.8,58889.7,0.22134,13027.0334467
2022-04-08 15:25:00,58844.1,58857.4,58814.92,58857.4,0.26043,15318.8701752
2022-04-08 15:30:00,58807.53,58899.09,58807.53,58899.09,0.55133,32448.947548
2022-04-08 15:35:00,58916.52,59008.74,58899.9,59004.69,0.13878,8181.6121434
2022-04-08 15:40:00,58989.56,58989.56,58664.88,58664.88,1.14319,67283.4238493
2022-04-08 15:45:00,58673.3,58726.03,58644.99,58676.83,0.41955,24623.0552714
2022-04-08 15:50:00,58635.62,58752.67,58612.33,58705.14,0.89485,52536.0102819
2022-04-08 15:55:00,58702.08,58743.73,58583.44,58593.95,0.3903,22900.1866858
2022-04-08 16:00:00,58583.48,58635.73,58550.26,58623.4,0.89267,52334.3018616
2022-04-08 16:05:00,58626.32,58664.38,58581.39,58649.53,1.03347,60603.5145691
2022-04-08 16:10:00,58655.55,58680.06,58611.57,58611.57,0.26144,15332.0341802
2022-04-08 16:15:00,58610.17,58683.82,58498.0,58504.04,0.5383,31539.4601914
2022-04-08 16:20:00,58534.73,58586.58,58528.83,58577.29,0.21894,12818.6586793
2022-04-08 16:25:00,58585.81,58631.02,58585.81,58631.02,0.7015,41120.8455179
2022-04-08 16:30:00,58598.98,58607.66,58591.07,58596.75,0.04692,2749.6988067
2022-04-08 16:35:00,58555.31,58555.31,58490.48,58494.05,0.09899,5792.4381548
2022-04-08 16:40:00,58527.6,58540.75,58481.15,58493.46,0.10115,5920.283346
2022-04-08 16:45:00,58483.64,58501.87,58472.11,58472.11,0.16306,9536.8774997
2022-04-08 16:50:00,58472.44,58474.44,58400.0,58400.0,0.17997,10519.6077733
2022-04-08 16:55:00,58359.32,58393.0,58274.03,58375.38,1.63834,95603.1760123
2022-04-08 17:00:00,58361.07,58361.07,58290.48,58300.53,0.91264,53224.4406464
2022-04-08 17:05:00,58296.61,58309.81,58193.07,58214.27,0.33591,19568.4683328
2022-04-08 17:10:00,58200.73,58210.67,58175.0,58175.0,0.92919,54082.9453528
2022-04-08 17:15:00,58159.49,58159.49,57806.31,57827.69,0.87343,50695.1963019
2022-04-08 17:20:00,57875.61,57933.24,57590.17,57615.74,1.68915,97624.3809483
2022-04-08 17:25:00,57695.28,57824.94,57686.19,57686.19,1.2897,74454.165745
2022-04-08 17:30:00,57642.56,57712.39,57577.89,57577.89,0.43302,24937.9170235
2022-04-08 17:35:00,57581.22,57677.09,57540.25,57564.28,2.09788,120803.424945
2022-04-08 17:40:00,57522.38,57728.14,57500.01,57723.08,1.17273,67613.4056185
2022-04-08 17:45:00,57750.62,57793.76,57660.71,57660.71,0.15358,8867.7576287
2022-04-08 17:50:00,57616.23,57733.42,57616.23,57688.97,0.06942,4002.8184584
2022-04-08 17:55:00,57625.85,57690.75,57625.85,57677.96,0.4272,24639.2058374
2022-04-08 18:00:00,57661.58,57744.76,57661.58,57744.76,0.46449,26809.624606
2022-04-08 18:05:00,57728.36,57773.63,57683.95,57710.5,0.33034,19060.1066712
2022-04-08 18:10:00,57733.61,57733.61,57576.04,57629.82,0.36389,20980.2939741
2022-04-08 18:15:00,57629.82,57631.86,57010.0,57235.24,5.63509,322238.9457514
2022-04-08 18:20:00,57260.62,57404.4,57140.6,57266.33,0.88114,50447.6677905
2022-04-08 18:25:00,57325.5,57448.78,57325.5,57381.6,0.56462,32403.5276119
2022-04-08 18:30:00,57353.6,57364.38,57256.22,57319.9,0.4565,26153.7196062
2022-04-08 18:35:00,57356.18,57388.3,57305.73,57362.73,0.81952,47005.4535458
2022-04-08 18:40:00,57368.84,57368.84,57218.79,57276.35,0.16752,9594.9329143
2022-04-08 18:45:00,57303.18,57550.92,57303.17,57522.39,0.39285,22573.3811494
2022-04-08 18:50:00,57512.48,57686.33,57512.24,57607.21,0.62626,36069.9008983
2022-04-08 18:55:00,57624.5,58143.19,57624.5,57740.53,2.44518,141508.94471
2022-04-08 19:00:00,57710.49,57710.49,57549.0,57603.43,0.26517,15273.7467024
2022-04-08 19:05:00,57651.65,57855.21,57628.48,57818.17,0.15404,8896.0655782
2022-04-08 19:10:00,57833.61,57833.61,57754.94,57754.94,0.09087,5254.0158767
2022-04-08 19:15:00,57808.4,57955.63,57789.51,57910.99,0.28669,16587.0175031
2022-04-08 19:20:00,57882.5,57972.48,57872.73,57872.73,0.47932,27766.5388716
2022-04-08 19:25:00,57869.94,57912.86,57785.5,57785.5,0.58798,34002.2214908
2022-04-08 19:30:00,57790.94,57828.47,57771.0,57820.81,0.15589,9010.4569158
2022-04-08 19:35:00,57836.29,57877.15,57631.9,57660.17,0.90226,52087.9726905
2022-04-08 19:40:00,57622.45,57627.31,57524.15,57524.15,0.32729,18842.4181653
2022-04-08 19:45:00,57503.5,57515.63,57349.81,57515.63,0.52693,30265.3684934
2022-04-08 19:50:00,57580.58,57644.79,57308.77,57315.96,0.88229,50799.4423812
2022-04-08 19:55:00,57321.84,57387.41,57293.21,57357.0,0.62575,35900.776219
2022-04-08 20:00:00,57322.35,57390.7,57290.66,57390.7,0.33771,19366.8078054
2022-04-08 20:05:00,57361.01,57481.61,57310.36,57475.04,0.17912,10289.3439017
2022-04-08 20:10:00,57507.3,57548.5,57486.84,57486.84,0.30822,17727.9622306
2022-04-08 20:15:00,57489.01,57513.06,57472.86,57508.05,0.21073,12114.5639841
2022-04-08 20:20:00,57464.45,57464.45,57380.03,57380.03,0.40968,23520.2612082
2022-04-08 20:25:00,57340.97,57340.97,57191.44,57235.73,0.76102,43569.7672338
2022-04-08 20:30:00,57213.08,57284.06,57126.58,57261.86,0.51478,29434.9222972
2022-04-08 20:35:00,57284.46,57499.94,57203.92,57455.72,0.36216,20728.1079832
2022-04-08 20:40:00,57447.5,57447.5,57390.83,57390.83,0.02537,1456.288396
2022-04-08 20:45:00,57436.35,57507.08,57392.89,57392.89,0.61141,35151.6763953
2022-04-08 20:50:00,57377.0,57466.75,57377.0,57466.75,0.03072,1763.2528893
2022-04-08 20:55:00,57466.21,57481.97,57441.98,57467.14,0.15386,8841.7080461
2022-04-08 21:00:00,57475.53,57475.53,57354.92,57451.59,0.28229,16207.1666636
2022-04-08 21:05:00,57451.58,57567.3,57441.95,57441.95,0.21568,12403.7637198
2022-04-08 21:10:00,57475.44,57475.44,57425.49,57446.41,0.24381,14001.6108292
2022-04-08 21:15:00,57446.42,57500.79,57446.42,57500.79,0.34876,20036.9708642
2022-04-08 21:20:00,57487.03,57511.92,57482.16,57508.9,0.17061,9809.7930438
2022-04-08 21:25:00,57531.5,57553.05,57499.0,57499.0,0.13362,7688.2898181
2022-04-08 21:30:00,57507.85,57507.85,57426.21,57426.21,0.22468,12905.2272056
2022-04-08 21:35:00,57462.85,57467.36,57462.47,57462.47,0.01678,964.2342482
2022-04-08 21:40:00,57426.31,57426.31,57200.0,57263.78,0.46174,26435.1469665
2022-04-08 21:45:00,57326.25,57354.03,57225.47,57235.64,0.50669,29032.2502535
2022-04-08 21:50:00,57198.22,57365.27,57198.22,57360.32,0.235,13449.3448499
2022-04-08 21:55:00,57361.31,57361.31,57066.66,57156.13,0.91283,52158.6708491
2022-04-08 22:00:00,57237.58,57321.5,57135.0,57205.05,0.35382,20240.0483509
2022-04-08 22:05:00,57180.94,57330.99,57180.94,57218.81,0.35453,20298.2499115
2022-04-08 22:10:00,57287.84,57298.1,57218.16,57236.89,0.04362,2497.4124305
2022-04-08 22:15:00,57282.3,57282.3,57020.35,57054.62,0.17307,9887.7318295
2022-04-08 22:20:00,57089.88,57148.34,56933.07,56970.13,2.6872,153184.0440598
2022-04-08 22:25:00,57003.11,57072.58,56813.42,56993.22,1.61545,91898.1018632
2022-04-08 22:30:00,57033.61,57062.64,56852.05,56859.09,0.22514,12814.4607513
2022-04-08 22:35:00,56869.53,57033.01,56869.53,56998.49,0.49306,28086.2652955
2022-04-08 22:40:00,57001.14,57111.38,57001.14,57070.93,0.63677,36339.4903351
2022-04-08 22:45:00,57073.33,57073.33,56870.11,57015.7,0.65955,37564.5681051
2022-04-08 22:50:00,57013.94,57045.2,56927.62,57040.73,0.96738,55154.2140558
2022-04-08 22:55:00,57028.93,57107.21,57028.93,57093.98,0.33658,19209.9191535
2022-04-08 23:00:00,57076.81,57102.55,56888.62,56898.76,0.27749,15815.8961276
2022-04-08 23:05:00,56875.0,56964.7,56775.0,56866.3,1.24566,70803.2921285
2022-04-08 23:10:00,56934.74,56993.0,56725.34,56778.71,1.5322,87069.0155174
2022-04-08 23:15:00,56748.81,56848.69,56672.7,56827.8,0.39875,22616.5861059
2022-04-08 23:20:00,56816.15,56816.15,56693.92,56766.63,0.56056,31823.5001144
2022-04-08 23:25:00,56777.52,56904.75,56751.17,56756.05,0.78921,44869.0043928
2022-04-08 23:30:00,56754.95,56821.92,56730.0,56730.0,0.09433,5354.6510422
2022-04-08 23:35:00,56728.34,56813.99,56728.17,56770.15,0.41387,23487.0007081
2022-04-08 23:40:00,56801.01,56880.49,56722.14,56725.11,0.40559,23051.0824338
2022-04-08 23:45:00,56714.04,56729.11,56675.6,56712.37,1.05737,59964.7009159
2022-04-08 23:50:00,56713.85,56886.46,56711.72,56801.64,1.82284,103490.2510911
2022-04-08 23:55:00,56843.7,56921.21,56843.7,56921.21,0.20955,11921.1942411
2022-04-09 00:00:00,56898.55,56961.55,56803.71,56885.3,0.45306,25771.3255582
2022-04-09 00:05:00,56837.69,57054.01,56837.69,56984.58,0.21859,12449.8764375
2022-04-09 00:10:00,56990.0,57028.29,56899.18,56899.18,0.69352,39509.759144
2022-04-09 00:15:00,56936.17,57041.31,56911.21,57041.25,0.56778,32360.7090447
2022-04-09 00:20:00,57023.39,57023.39,56750.0,56868.84,1.83052,104121.3052991
2022-04-09 00:25:00,56893.75,56897.04,56863.85,56897.04,0.0298,1695.059139
2022-04-09 00:30:00,56904.34,56988.62,56904.34,56958.34,0.53165,30293.6619864
2022-04-09 00:35:00,56958.99,56985.75,56941.65,56974.85,0.13975,7961.6172323
2022-04-09 00:40:00,57002.91,57002.91,56931.65,56953.56,0.27207,15500.3967229
2022-04-09 00:45:00,56947.45,56981.16,56923.22,56947.58,0.21375,12170.8680913
2022-04-09 00:50:00,56945.67,56973.51,56927.83,56956.11,0.8227,46849.5620883
2022-04-09 00:55:00,56959.09,57066.66,56875.13,57066.66,0.61878,35254.5124102
2022-04-09 01:00:00,57057.84,57088.24,57029.02,57088.24,0.34034,19424.375707
2022-04-09 01:05:00,57041.1,57094.55,56990.23,57083.46,0.2667,15212.9855066
2022-04-09 01:10:00,57083.47,57087.57,57056.79,57086.88,0.26334,15030.8546798
2022-04-09 01:15:00,57086.54,57086.54,56923.4,57022.18,2.37195,135291.8750281
